Date,Date,Date.2,Date.1,Close,High,Low,Open,Volume
0,0,1,2020-01-02,0.3541859648470037,0.3220161736500359,0.3593088951758552,0.3353329244331819,0.0639188073097606
1,1,2,2020-01-03,0.3604303466104814,0.3368127461880068,0.3717996492671969,0.3529109855276762,0.0763084435918308
2,2,3,2020-01-06,0.3525886155745234,0.3168297669501356,0.3569851424830439,0.334439194194118,0.1066884613384408
3,3,4,2020-01-07,0.3733545649945677,0.3369652908776543,0.3707830583288665,0.3506765664100435,0.1239760804057115
4,4,5,2020-01-08,0.3689981083268578,0.3377279656204792,0.3686043706369915,0.3566351361492756,0.082086618884502
5,5,6,2020-01-09,0.3775657337506342,0.3467277806161059,0.3851616804083702,0.3608061387170314,0.1597756342871511
6,6,7,2020-01-10,0.3922325893188445,0.3567956078003619,0.3914797834298946,0.3627427503801164,0.1514414576909264
7,7,8,2020-01-13,0.3919422860807571,0.3580160412911718,0.3932953578739659,0.3697442259854666,0.0650226769237026
8,8,9,2020-01-14,0.4019618365727699,0.3723545326111065,0.408399979506457,0.3825550449355086,0.141154470186073
9,9,10,2020-01-15,0.4090776732209098,0.3761682711855236,0.4131931334577576,0.3846407739124566,0.1012940581367331
10,10,11,2020-01-16,0.4206947092780031,0.3866934853211794,0.4245217111755253,0.3980475817674527,0.1624262289929317
11,11,12,2020-01-17,0.4147409033378126,0.3943204586373876,0.4264098545416912,0.4090709493581181,0.1230084324889527
12,12,13,2020-01-20,0.4129982661536886,0.3857782163438157,0.4237955185994866,0.3980475197829252,0.0977593120366415
13,13,14,2020-01-21,0.4064634448595237,0.3778458537617226,0.4146451581999881,0.3962597012312352,0.0943729642099234
14,14,15,2020-01-22,0.4205492850737593,0.3882186788129025,0.4188571937084451,0.3905991273295577,0.1983089794811495
15,15,16,2020-01-23,0.421566027870065,0.3941679996606892,0.4300409558306721,0.4046021640937889,0.1052754986352937
16,16,17,2020-01-24,0.4276651217218989,0.4010323617677032,0.4374480787179646,0.4114545370806546,0.1492783459146957
17,17,18,2020-01-28,0.4143049033102817,0.3807440971496694,0.4195833085953655,0.3935782593439294,0.1153352100456393
18,18,19,2020-01-29,0.422872937611858,0.3927951034274395,0.4285884969833888,0.404602078233877,0.0915772103200022
19,19,20,2020-01-30,0.4349257011112823,0.4016423524976817,0.4361407996463289,0.4105604876283875,0.1694848642458713
20,20,21,2020-01-31,0.4323120179202964,0.4097271788009837,0.43933628355151,0.4214352147134672,0.3816813788299006
21,21,22,2020-02-03,0.422001482727196,0.3941677004093504,0.4271358122528903,0.4002818619341348,0.1073075472638603
22,22,23,2020-02-04,0.4185163446515481,0.3902018435835368,0.4257561202891939,0.4040061045101453,0.1327663087693002
23,23,24,2020-02-05,0.4035593221378504,0.3949306807347073,0.4158073478281978,0.4129441288573647,0.168887492214939
24,24,25,2020-02-06,0.4173545865287986,0.3850152817830192,0.4190024051728116,0.3970045853005002,0.1937815724974451
25,25,26,2020-02-07,0.4256321812996877,0.3918800256765224,0.4255384848952437,0.4072835854947614,0.1809977870422394
26,26,27,2020-02-10,0.4186613599779916,0.3909642320870756,0.4274262268710194,0.4090706377474566,0.0880626185529152
27,27,28,2020-02-11,0.4244702868843384,0.3949306326985058,0.4338170003045116,0.4099648179935808,0.0937184882354779
28,28,29,2020-02-12,0.4747146901820469,0.4492349707736058,0.4582172746895099,0.430819885669073,0.4068201902988917
29,29,30,2020-02-13,0.4827014365444484,0.4518281112710069,0.482472269022425,0.464932860653545,0.2274795572980789
30,30,31,2020-02-14,0.5155200131713169,0.4872175262456519,0.5032416015745029,0.4784888197150465,0.4553908132111413
31,31,32,2020-02-17,0.4933022749756361,0.4846244139057762,0.5025155107670736,0.4991951684044802,0.1361043701731947
32,32,33,2020-02-18,0.5049193110327292,0.4751667554470804,0.5073082341040862,0.484596280425319,0.2079498286671753
33,33,34,2020-02-19,0.4985337301356092,0.4734509568993978,0.5058963275767814,0.4874914410604383,0.4618916653015505
34,34,35,2020-02-20,0.4988307117110986,0.4726709452571587,0.5045596235303778,0.4847493175056456,0.1530752183101155
35,35,36,2020-02-21,0.5129386313265407,0.4835906063861046,0.5063417328247743,0.4850537536452526,0.1292878868319806
36,36,37,2020-02-24,0.5009097190321237,0.4709549015614747,0.5044109975556759,0.4813977300443739,0.1249021600106482
37,37,38,2020-02-25,0.4832376116330097,0.4598791233915336,0.4813886552849653,0.4614410823056176,0.1874601299606576
38,38,39,2020-02-26,0.4617041985821346,0.4406915401614044,0.4698032453091567,0.4466639628778002,0.1806479054219534
39,39,40,2020-02-27,0.4480416831836262,0.4342955875130423,0.4499001398195301,0.4434647967814786,0.2450030300480111
40,40,41,2020-02-28,0.4086876037995925,0.3867164064788935,0.413361391700539,0.3997428236656448,0.4381099122548721
41,41,42,2020-03-02,0.3892334706549425,0.3583250390555572,0.3759317284235679,0.3662279159692068,0.2617612979582401
42,42,43,2020-03-03,0.3690366791326693,0.3767326857340451,0.3809817201827408,0.3883173196073604,0.2511464426432575
43,43,44,2020-03-04,0.3393356594391383,0.3213539494811092,0.3425123886379353,0.3375878428651284,0.2555398473057345
44,44,45,2020-03-05,0.3339893096173307,0.3197938589132806,0.3408784054380978,0.3372830713927783,0.3271351161480414
45,45,46,2020-03-06,0.2921107505490378,0.2761146993643101,0.304339860677189,0.2943229438309283,0.2786044420029976
46,46,47,2020-03-09,0.2211249304992923,0.2208916271186189,0.2333419925888276,0.2283591198119863,0.4389950833624601
47,47,48,2020-03-10,0.2837944486797369,0.242887358799044,0.1828415436526116,0.1754968402594097,0.5113054711276284
48,48,49,2020-03-11,0.2114720752476896,0.2449152227081367,0.2236874990104049,0.2598937567739137,0.4691507641881255
49,49,50,2020-03-12,0.1314275675362203,0.1706606837440839,0.1436294057783451,0.1811335201603563,0.5936470183313857
50,50,51,2020-03-13,0.1796919800868334,0.1335334926755246,0.0552535401902606,0.0679441450290445,1.0
51,51,52,2020-03-16,0.081084147664582,0.1182456879799077,0.0932774413908268,0.0827211506528132,0.6239286037551962
52,52,53,2020-03-17,0.1987005727219492,0.1575569198698862,0.0929803027262183,0.0565184527163081,0.6594932636841173
53,53,54,2020-03-18,0.1439021566327714,0.1419574065142873,0.1265484297957907,0.1515794264702767,0.6030527936154912
54,54,55,2020-03-19,0.0993502863609746,0.1669167320654031,0.104120134441192,0.1550831564701027,0.6363035441694505
55,55,56,2020-03-20,0.0839058133632304,0.1031141644684467,0.0960995859955057,0.1279666132259562,0.6241766939971819
56,56,57,2020-03-23,0.0,0.0,0.0,0.0258979562738299,0.5799831603349771
57,57,58,2020-03-24,0.0406906327663356,0.0043679989873368,0.0231708832837689,0.0,0.395510970225392
58,58,59,2020-03-25,0.1208836312655497,0.0717585857893465,0.065947698194585,0.0912522166250698,0.4407344742805218
59,59,60,2020-03-26,0.1119732299526703,0.0843942791575859,0.0983274189994135,0.1049629105669589,0.3293471741615692
60,60,61,2020-03-27,0.0504919106593829,0.0934421749339085,0.0626800121309981,0.1107518688273436,0.7342468244778934
61,61,62,2020-03-30,0.1439021566327714,0.0959382692818817,0.0655022037022278,0.0280307895199227,0.328422654118115
62,62,63,2020-03-31,0.1122702115281596,0.1619247677401984,0.112289268362376,0.1308608060512199,0.533853910957317
63,63,64,2020-04-01,0.139743869405521,0.0967181495524877,0.1207556469466165,0.1217204950692021,0.3624156959546115
64,64,65,2020-04-02,0.1036570643759696,0.0700427091073515,0.092683343287663,0.0798267323345185,0.4657986067477546
65,65,66,2020-04-03,0.0868758335570235,0.0733185584702749,0.092534713442222,0.0927756296814454,0.3068614167068503
66,66,67,2020-04-06,0.1219232030723624,0.0809624502701318,0.1048628180610098,0.0773892180188345,0.2474308473943296
67,67,68,2020-04-07,0.1130128017594829,0.10904187468588,0.1122893403935573,0.115626777068197,0.3802063335831231
68,68,69,2020-04-08,0.0824207691931839,0.05381903474144,0.0871877428734614,0.060784125908041,0.4281479733528526
69,69,70,2020-04-09,0.1113791986553917,0.061774706777835,0.0950597257349572,0.0847015261205085,0.2348471056908218
70,70,71,2020-04-14,0.1260814221533127,0.0772185766671923,0.1093188091450296,0.0875961200584808,0.2296890960199811
71,71,72,2020-04-15,0.1159829582458761,0.0850183535586926,0.1197159169711608,0.0988693142446297,0.2472573161878343
72,72,73,2020-04-16,0.103953909658859,0.0539748527510244,0.0995156384074325,0.0679440284414913,0.2866328845655178
73,73,74,2020-04-17,0.1009838894650659,0.070042637019788,0.1130319980147487,0.0935373830740322,0.1879854622477252
74,74,75,2020-04-20,0.0834601365610965,0.0591227544198457,0.0956538335510629,0.075865743694227,0.2108780253168414
75,75,76,2020-04-21,0.0648970844355145,0.0413392801023083,0.0770876308192235,0.0629168879543199,0.2345865389569761
76,76,77,2020-04-22,0.0741043310312832,0.0335393297833304,0.0614918033767903,0.0361047877061108,0.2451652844253252
77,77,78,2020-04-23,0.0678671046293076,0.0380632429594433,0.0732256897421591,0.0607840113165273,0.2454966312572231
78,78,79,2020-04-24,0.0686096948606309,0.0272994886123654,0.0750081740891496,0.0386946187492455,0.2434250537433884
79,79,80,2020-04-27,0.0686096948606309,0.0168477165214248,0.0528770403134563,0.0341243978388327,0.2318477090611661
80,80,81,2020-04-28,0.0645999665674253,0.0363472725415086,0.0677300673107356,0.0470732975977864,0.25542581936811
81,81,82,2020-04-29,0.1011323802528106,0.0510109926898458,0.0877817396107204,0.0508818456524104,0.2131157561116965
82,82,83,2020-04-30,0.1251902729879447,0.0800264284278534,0.1161511263612573,0.0894241593947672,0.3075381464239884
83,83,84,2020-05-01,0.0680156635633523,0.0583429284305694,0.0802067392465992,0.0837875713781146,0.2927574024735724
84,84,85,2020-05-04,0.0834601365610965,0.036035205305877,0.0678785125913501,0.0399132437642991,0.1766012632567974
85,85,86,2020-05-05,0.0978652421909281,0.0528829464363197,0.0996642646670852,0.0699244861994123,0.2076099042471238
86,86,87,2020-05-06,0.0904399531943953,0.0452391227331506,0.0956539199131835,0.0684010955809707,0.114023498872587
87,87,88,2020-05-07,0.0742527536727277,0.0372831627559261,0.0846625328651503,0.0597175822395934,0.1725471231998986
88,88,89,2020-05-08,0.0793020537727461,0.0389992496363794,0.089564183747563,0.0645925992816098,0.202836206515452
89,89,90,2020-05-11,0.0873213740665576,0.0463311261549799,0.0944656725528513,0.0607840697649966,0.1671966876353706
90,90,91,2020-05-12,0.0809356568768373,0.0421192350517912,0.0862965160095206,0.0636785640012296,0.16462946948577
91,91,92,2020-05-13,0.0978652421909281,0.0475790454646242,0.0794640498162854,0.0485967702451823,0.2472224060038798
92,92,93,2020-05-14,0.0689066764361202,0.0279234520155696,0.0799096287443732,0.0516436078518064,0.2452975472356683
93,93,94,2020-05-15,0.0793020537727461,0.0305753961624137,0.0812464313064486,0.053167018141079,0.131387776385036
94,94,95,2020-05-18,0.0689066764361202,0.0333833238478537,0.080800834695709,0.0591082881326673,0.1459414841734801
95,95,96,2020-05-19,0.0800446440040694,0.0405592728884658,0.0885244879990038,0.0623074766444532,0.2066787860589359
96,96,97,2020-05-20,0.0862817341134449,0.0358791850198948,0.0828801756159669,0.0470732438029172,0.1366053493078816
97,97,98,2020-05-21,0.07113417454489,0.0405591742009539,0.0833257795161089,0.0659635919676652,0.2010217766968283
98,98,99,2020-05-22,0.0659365880960272,0.0258955139135279,0.0781273109090601,0.0478351195615819,0.1909102998418904
99,99,100,2020-05-25,0.0702432298184221,0.0244914981837419,0.0773846298390785,0.0507295400822316,0.1777822111978554
100,100,101,2020-05-26,0.1046965680364823,0.0547549741631277,0.0842170538565586,0.0516436229727749,0.3833501096161781
101,101,102,2020-05-27,0.1490997430816343,0.1260454826602576,0.1232806451664549,0.0883577608534602,0.58132546290634
102,102,103,2020-05-28,0.17033610641072,0.143985207440389,0.1730384649365677,0.1523410652572208,0.3199470372920542
103,103,104,2020-05-29,0.1409319320000782,0.1224576705078976,0.1531353833664863,0.1425912539969549,0.4632353474849942
104,104,105,2020-06-01,0.1431595664014481,0.100306149777886,0.1317469756733426,0.1072480965246396,0.1631339699903181
105,105,106,2020-06-02,0.1450900829347286,0.1035820548958589,0.1504618309706146,0.1217204934753665,0.1049927981250232
106,106,107,2020-06-03,0.1759792333691169,0.1324414092193548,0.1636810090804834,0.1310132414444663,0.1921219591475269
107,107,108,2020-06-04,0.1989976905900387,0.1692567412257947,0.2000711780405412,0.1811334945755789,0.3752617439028494
108,108,109,2020-06-05,0.2148877722436168,0.1744046444019697,0.2149242450186042,0.1852466265224917,0.2445974840794265
109,109,110,2020-06-09,0.2664193228561124,0.22806770713,0.2559188567807184,0.2283593421461396,0.2996648202458432
110,110,111,2020-06-10,0.257508921543233,0.2280676222821679,0.2548790659746272,0.2341481801735541,0.2112382840192994
111,111,112,2020-06-11,0.2105812668138217,0.1981163256209696,0.2208655645997246,0.2111448601863941,0.3133092437068545
112,112,113,2020-06-12,0.1939484586363203,0.1535010320169433,0.1773458725885809,0.1598057426149062,0.3390328307486501
113,113,114,2020-06-15,0.1788009672140655,0.1591169795198902,0.1910108458866354,0.1707743625481279,0.2243359012312918
114,114,115,2020-06-16,0.2202339176265244,0.18360845735752,0.2184889986884397,0.1942348549703807,0.3043989291091131
115,115,116,2020-06-17,0.2276592747693572,0.1868844554124004,0.224578777800281,0.2085549102682911,0.2125239025290868
116,116,117,2020-06-18,0.2190459231782672,0.18158050220025,0.2181918390138535,0.2001761118758322,0.3604572466313921
117,117,118,2020-06-19,0.2141451138659935,0.1882882784584686,0.2216080068704431,0.2077930681050925,0.3388317672836751
118,118,119,2020-06-22,0.2254316403679874,0.1881323131890439,0.2147756590232536,0.1849419714874398,0.1178189916559261
119,119,120,2020-06-23,0.2193429047537564,0.1850124766896543,0.2205684079002223,0.207945559756556,0.1299234081361003
120,120,121,2020-06-24,0.2224615520278942,0.1840764567723797,0.22561844531501,0.2015471881784376,0.1468372123126419
121,121,122,2020-06-25,0.198849199802294,0.1687107442552843,0.2098742065298171,0.1820475519020257,0.2067298916890549
122,122,123,2020-06-26,0.2229069562448282,0.181112494507747,0.2210139292779145,0.1928636548231943,0.3349959058511927
123,123,124,2020-06-29,0.2126601378422469,0.1681647128401759,0.2069035362694462,0.1796100549007409,0.1413409577495
124,124,125,2020-06-30,0.225134590646198,0.1926562673416702,0.2312626245683862,0.206269769866084,0.2490826629368354
125,125,126,2020-07-01,0.2319658483454522,0.1884442903595399,0.2291832091702665,0.204746274857384,0.1390918901423297
126,126,127,2020-07-02,0.2500835644004002,0.208412008637814,0.2388376290548497,0.2100783061607787,0.2299688573566884
127,127,128,2020-07-03,0.257063381033699,0.2204237577586578,0.25740402356461,0.2349098896196473,0.1369229000189726
128,128,129,2020-07-06,0.2548356784860292,0.2261955901099852,0.2603746164879359,0.2344527884720895,0.1248821856270454
129,129,130,2020-07-07,0.2521626398677254,0.2275995792296272,0.2631968085842511,0.2420699126126257,0.2034369376018851
130,130,131,2020-07-08,0.2420643122528888,0.2132479523963978,0.2496805057304794,0.2279022558611192,0.2008181339570939
131,131,132,2020-07-09,0.2399852367855636,0.2079439871029537,0.2522054999326943,0.2286638869861361,0.1338555424985602
132,132,133,2020-07-10,0.2431038159134013,0.2082560187287755,0.2490863367241556,0.2224179349349166,0.1562063379019087
133,133,134,2020-07-13,0.265231192115255,0.2313434496914807,0.2682467824969521,0.2405465014816765,0.169108230147847
134,134,135,2020-07-14,0.2594395743691135,0.2254157077169706,0.2673557288276997,0.2435933751547281,0.1462486578023991
135,135,136,2020-07-15,0.2742899479232791,0.2339953824010185,0.2667613961774384,0.2435931731285519,0.1845310935471164
136,136,137,2020-07-16,0.2729533945409771,0.2441351521418737,0.2770100077923434,0.2598937199314388,0.1792886876068187
137,137,138,2020-07-17,0.2723592950973985,0.237427209697405,0.2787923568148864,0.2554757503580964,0.1786789590502942
138,138,139,2020-07-20,0.2633004711430746,0.2269754741478144,0.2689894086393607,0.2467923485056185,0.0693432020784396
139,139,140,2020-07-21,0.2995360395455705,0.2594230264290326,0.280723387624755,0.2554759256579391,0.1692744434120014
140,140,141,2020-07-22,0.2950809070354309,0.2639470436057555,0.2989928250829563,0.2786319213446975,0.1423491542648038
141,141,142,2020-07-23,0.2892889485577893,0.2520909789373333,0.2931998854209698,0.2704052381920592,0.1286045589701088
142,142,143,2020-07-24,0.2762206007491596,0.2470991996904762,0.2868131647533039,0.2618741763790115,0.1273094031420245
143,143,144,2020-07-27,0.2707259645785073,0.2414834209804272,0.2796837464806325,0.2565423817512826,0.0932962069725234
144,144,145,2020-07-28,0.2665676092049568,0.2378953295703738,0.2776041095930475,0.2560851566729718,0.093408075517326
145,145,146,2020-07-29,0.2784482351505294,0.2513112133250929,0.2836940549205615,0.2557806531360711,0.2233527176828419
146,146,147,2020-07-30,0.2815669505709672,0.2506873264434401,0.2909721470824844,0.2633978187679722,0.1539093437707185
147,147,148,2020-07-31,0.2515684722778468,0.2319673359309572,0.261265703257888,0.252733604001973,0.2661132542751629
148,148,149,2020-08-03,0.2327085748693755,0.1982723399030951,0.2330450823885341,0.2193712776347254,0.1768789251838168
149,149,150,2020-08-04,0.2560238773731864,0.2254156912954543,0.2633453148571085,0.2329295300431575,0.2295284012041494
150,150,151,2020-08-05,0.2589939657132795,0.2179278021399861,0.2410656943495712,0.2178476987293225,0.1538031736236405
151,151,152,2020-08-06,0.2591423883547241,0.2252595597857247,0.2630482079927805,0.2435932607079589,0.1131600416594862
152,152,153,2020-08-07,0.2563207226560757,0.2160557714712485,0.2611172127591505,0.2315582810854557,0.1288675250293122
153,153,154,2020-08-10,0.292853136341461,0.2545869558262203,0.2765643536609625,0.2451165366572405,0.1807267232599538
154,154,155,2020-08-11,0.3035456996924763,0.2843825848644583,0.3040429066521612,0.2740616121849473,0.2338608630025409
155,155,156,2020-08-12,0.2981993498706687,0.2956142438146349,0.3046367967807453,0.3040726835189817,0.2431232186133902
156,156,157,2020-08-13,0.2698347472668393,0.270966610806635,0.277604104138331,0.2891431324280378,0.3365062811638623
157,157,158,2020-08-14,0.2598850467323474,0.2350875375096852,0.2648305903891013,0.250144018724227,0.2225853534503168
158,158,159,2020-08-17,0.2450344005929818,0.2129357918706144,0.2556216715679298,0.2298825510647029,0.1786970739567448
159,159,160,2020-08-18,0.2408765222435315,0.2096601486827193,0.2464129757784934,0.2253126602145807,0.254953152272644
160,160,161,2020-08-19,0.2640686843832056,0.2224828783604268,0.2532473790961218,0.2205920510807739,0.2016099713082675
161,161,162,2020-08-20,0.2523219659171733,0.2163132641266527,0.2583686292585394,0.2258446728324374,0.2505543491281121
162,162,163,2020-08-21,0.2428339565653203,0.2239065973713709,0.2550547032102241,0.235886338694119,0.2266496906399858
163,163,164,2020-08-24,0.2325932713297409,0.1998607432883523,0.2433060496395105,0.2216734676672851,0.1398610538688731
164,164,165,2020-08-25,0.2551831564698336,0.2180533035294777,0.2546028706229062,0.2281619051548373,0.1917986500555774
165,165,166,2020-08-26,0.2431352995040107,0.2036575254177032,0.2425529681787739,0.2253811507087344,0.1389637061850948
166,166,167,2020-08-27,0.2344004430599843,0.2030246786356201,0.2440591555964153,0.2227548182830134,0.1642998621647565
167,167,168,2020-08-28,0.2347014452671749,0.2006515488045669,0.2428539793222044,0.2176564956671238,0.1763215019200901
168,168,169,2020-08-31,0.2225030531246067,0.1924255344436278,0.2347203491154281,0.2103956402919591,0.1367260353733737
169,169,170,2020-09-01,0.2000637713075592,0.1696452258720044,0.206704080568312,0.1896941962028018,0.2264534858088602
170,170,171,2020-09-02,0.2124129030657726,0.1728090649994635,0.213934103000168,0.181197198436541,0.1245815501597261
171,171,172,2020-09-03,0.2209970198941539,0.1835663761132852,0.2308040002395723,0.2011262521203711,0.1216933022772656
172,172,173,2020-09-04,0.1991602195155876,0.165215748466306,0.2104697235769577,0.1838235415289368,0.1519644506357702
173,173,174,2020-09-07,0.2087986277515858,0.1724928164226401,0.2014322592948272,0.1720824801856364,0.1199438941758356
174,174,175,2020-09-08,0.2256657910548578,0.1818264297954425,0.2240261204953435,0.1952559250441647,0.1027113396255241
175,175,176,2020-09-09,0.2000637713075592,0.1579387045687549,0.2053485078436326,0.1756356225214153,0.1605163060250719
176,176,177,2020-09-10,0.1990094117536422,0.1721761329362176,0.2047458279827992,0.1954100480608869,0.1570697351318756
177,177,178,2020-09-11,0.1851543149112759,0.1465484047333697,0.1973652719031262,0.1663661785888026,0.1587340271662414
178,178,179,2020-09-14,0.1907265015713515,0.15176887688414,0.197365341227758,0.1693015822779091,0.0956252920803728
179,179,180,2020-09-15,0.173558131621989,0.1449665276234132,0.1853152629045347,0.1663662423765846,0.2043296665843498
180,180,181,2020-09-16,0.1836483498271231,0.1397460737765127,0.1854659821158431,0.16018671503779,0.2132508981124687
181,181,182,2020-09-17,0.1731062535065531,0.1387966426107553,0.1853151656462209,0.1566333654467833,0.2149460814608148
182,182,183,2020-09-18,0.1636185848862001,0.130570547285345,0.1758258867352798,0.1526166901172621,0.3625775304499881
183,183,184,2020-09-21,0.1505163683664603,0.1163328252517278,0.1598595862450607,0.1401031067639896,0.2578426598009171
184,184,185,2020-09-22,0.144040561768113,0.0994057719319833,0.1497676479114851,0.1200194520878096,0.1992068670131332
185,185,186,2020-09-23,0.1621124153631472,0.1182311412354734,0.160461961841133,0.1275893770596253,0.1932616386924324
186,186,187,2020-09-24,0.1610583283944302,0.1175984524580481,0.1551902040481477,0.1274349629995496,0.1446462683622619
187,187,188,2020-09-25,0.1901240882791704,0.1547746519757728,0.1890809025039455,0.158487267602317,0.2202133204185647
188,188,189,2020-09-28,0.180485748189472,0.1525599454110199,0.1859178194087379,0.1740907454130125,0.1253502340211979
189,189,190,2020-09-29,0.1734074601526436,0.1430680817918747,0.183808993279692,0.1646668107355866,0.0976979492906184
190,190,191,2020-09-30,0.1521730049199584,0.1191804024011947,0.1640771066484782,0.1363953125041015,0.2556515958842692
191,191,192,2020-10-01,0.1586487433720057,0.1193385740496314,0.1669389115857267,0.1340779530808233,0.1054914979006203
192,192,193,2020-10-02,0.1538296414734566,0.1147509463997368,0.1636252790873967,0.134232504173405,0.1304598373029471
193,193,194,2020-10-05,0.1880156417565363,0.1422770373405951,0.1788383186543785,0.146437069954239,0.0965959391538287
194,194,195,2020-10-06,0.190425294925261,0.1492377318458012,0.1908883911030399,0.1708463913177604,0.1125560115006862
195,195,196,2020-10-07,0.2118104897735914,0.1679050059127457,0.2027878614550647,0.1689925376093743,0.1596275359294473
196,196,197,2020-10-08,0.2199429329254369,0.1800861424480237,0.2246285283869473,0.2011263617437988,0.1694043068969867
197,197,198,2020-10-09,0.2139190044425256,0.1827756681860825,0.2261348435092749,0.2049886798070204,0.1247723565087968
198,198,199,2020-10-12,0.2274729627851012,0.1838829939006971,0.2225198242775135,0.1924750467119251,0.1073719091665805
199,199,200,2020-10-13,0.2390690097817882,0.2161550441719108,0.2476741420585992,0.221518887962522,0.1729719237544787
200,200,201,2020-10-14,0.2283764464307728,0.1951148619600453,0.2390885091144547,0.2113226680872106,0.1084133363380884
201,201,202,2020-10-15,0.2375629765513353,0.2012844552474619,0.2354734705030026,0.2068424022139792,0.1266261352632866
202,202,203,2020-10-16,0.2369605632591542,0.2001770827978774,0.2445109653429125,0.2127129482292282,0.158588688032699
203,203,204,2020-10-19,0.2485568146947411,0.2096688662248448,0.2533978098837164,0.225844512137505,0.0816380050257468
204,204,205,2020-10-20,0.2354547344676014,0.2128329002968964,0.2458666833857472,0.2283165401045896,0.1755257056820763
205,205,206,2020-10-21,0.2434363017112013,0.2028663392077205,0.2467703131825871,0.2159571507036468,0.1596542284240517
206,206,207,2020-10-22,0.2383160613128618,0.1971713500815716,0.2404441728680875,0.2128675118714469,0.1354041270675511
207,207,208,2020-10-23,0.246900314433843,0.2042903486882096,0.2449629342154509,0.2222914353392893,0.1185587636468377
208,208,209,2020-10-26,0.2440387150033824,0.2072958271455846,0.2530965486612577,0.227389317262145,0.0695334085961709
209,209,210,2020-10-27,0.2295812048688352,0.1959057017576663,0.2351721519924012,0.214257813350331,0.1073196638569167
210,210,211,2020-10-28,0.2250633096163765,0.1865723069149344,0.2253817405095797,0.1975730990985027,0.1145512904681461
211,211,212,2020-10-29,0.2203945384556726,0.1846736753022219,0.2267370992861332,0.1995813134096804,0.1431016426801112
212,212,213,2020-10-30,0.2336474264447578,0.1998607023599756,0.2311053972296113,0.1995814681346333,0.2056878047030736
213,213,214,2020-11-02,0.2313884447453786,0.2009679921853297,0.2009802597821718,0.2232182158997768,0.183556847485624
214,214,215,2020-11-03,0.2456953515568806,0.2128327184011504,0.2452641136302449,0.2137943429386082,0.2306082175813804
215,215,216,2020-11-04,0.2244608963241953,0.2012844810220297,0.2285447441187953,0.2204374330420329,0.1424241331822318
216,216,217,2020-11-05,0.2434363017112013,0.2004933650711046,0.2351721009021876,0.2032890430246785,0.2103034468768072
217,217,218,2020-11-06,0.2452436097340448,0.2096688745128136,0.2494816424324843,0.2281618815452297,0.1040208914057545
218,218,219,2020-11-09,0.2530748462397997,0.2148894994831686,0.2576155223342051,0.226153666709292,0.1208594167491984
219,219,220,2020-11-10,0.2845501230006643,0.255387672720781,0.2805103895342489,0.2590596881370639,0.3569027660802335
220,220,221,2020-11-11,0.3146699698541212,0.2759531814820852,0.3006941405657679,0.2737360108711439,0.2879738675079341
221,221,222,2020-11-12,0.2946402730594983,0.2784843669192087,0.3038573524189032,0.2961371098969709,0.1808178376404123
222,222,223,2020-11-13,0.2956944281745154,0.2598171142210081,0.2987359941912715,0.2714188252418343,0.1472279424471427
223,223,224,2020-11-16,0.3160254679078288,0.2778516277820108,0.317714911160734,0.2899575792158819,0.0
224,224,225,2020-11-17,0.3295793581041046,0.2920892371567862,0.3299154153867281,0.2999992880178759,0.2376354216721342
225,225,226,2020-11-18,0.3621089262725862,0.3251523714733506,0.3425679709356093,0.312512843547192,0.2176664365513705
226,226,227,2020-11-19,0.3819884286219641,0.3460346854847229,0.3687770746861825,0.3517534541745069,0.2419090400161282
227,227,228,2020-11-20,0.3990060589556812,0.3639107617623195,0.3826344775140089,0.363803490092212,0.3970049101593614
228,228,229,2020-11-23,0.3929819260338698,0.3647016673239058,0.400257493739913,0.3794068096040692,0.0956892940842893
229,229,230,2020-11-24,0.4164756355511343,0.3881147826564868,0.4105000890211132,0.3828056621448146,0.1399638649604504
230,230,231,2020-11-25,0.4346980924692138,0.4169064686732784,0.4419054692643318,0.4197284678906159,0.2001568798885129
231,231,232,2020-11-26,0.4154212759972173,0.3953917616204789,0.427671314952722,0.412004057749082,0.1001563580352476
232,232,233,2020-11-27,0.4096987585992966,0.3906461800233387,0.4190859080875975,0.3981002457890865,0.1231107037323245
233,233,234,2020-11-30,0.3850000862050695,0.3836851430184567,0.3972449619368614,0.3926928141051082,0.264649005992495
234,234,235,2020-12-01,0.4027710057392133,0.3738770600695522,0.3930276151424163,0.3673567458353466,0.1267578582254241
235,235,236,2020-12-02,0.4005119558935341,0.3700803412086554,0.4014625658824231,0.3877492835001541,0.1598002873552014
236,236,237,2020-12-03,0.3923795127416887,0.3654925777485637,0.403420725818757,0.3826510678335173,0.091716911038954
237,237,238,2020-12-04,0.4017169187704963,0.3737190630130113,0.4062827077371411,0.3795615153741947,0.1139637556711803
238,238,239,2020-12-07,0.4101505685684323,0.3764875374023628,0.4120066424584911,0.3903758145734692,0.1045436444180625
239,239,240,2020-12-08,0.4262645789638779,0.3925443243280473,0.4112533116312618,0.388521738508796,0.2131062787765336
240,240,241,2020-12-09,0.4468965527580819,0.4208612987221696,0.4389680846083543,0.4135487938850222,0.2335502103518532
241,241,242,2020-12-10,0.4455412591432743,0.4314606206324158,0.4547839498813752,0.4374948316366853,0.293458665292493
242,242,243,2020-12-11,0.4349992991153044,0.4121607019926245,0.4439388857029698,0.4274529865831551,0.1309690941101181
243,243,244,2020-12-14,0.458040926078233,0.4357318503177283,0.4489094339575743,0.4212732778801451,0.137440074599824
244,244,245,2020-12-15,0.4452401887897839,0.4344664801941718,0.4535789981527161,0.4490816028982274,0.1504332011924887
245,245,246,2020-12-16,0.456986839109516,0.4379467070719014,0.4583988920335144,0.4310061619065821,0.1012081622889276
246,246,247,2020-12-17,0.4700890556292558,0.4404777879471662,0.4730095624635284,0.4535615661183922,0.2395478639316197
247,247,248,2020-12-18,0.4465957549897914,0.4343083655358069,0.4588510850207035,0.4506265843956913,0.4816432115617731
248,248,249,2020-12-21,0.4441861018210669,0.4194379554102831,0.4464996954958793,0.4308519820154275,0.0754180539515899
249,249,250,2020-12-22,0.4354512453770403,0.4214944245425718,0.4440897081303496,0.4251357955088199,0.098655400074607
250,250,251,2020-12-23,0.4468965527580819,0.417064612599596,0.4504156391747991,0.4257534526409439,0.0630781436875579
251,251,252,2020-12-24,0.446444879081546,0.4350991369239896,0.4587001835051076,0.4439832906804959,0.0319705305262266
252,252,253,2020-12-29,0.4593964922782405,0.4338335617372892,0.4684908771774978,0.441357029176016,0.0488622009263435
253,253,254,2020-12-30,0.4530711527103386,0.4240253787512926,0.4577963166231709,0.4374947351277161,0.0593952392466286
254,254,255,2020-12-31,0.4307825423626363,0.424500042983615,0.4430351885026498,0.4351774647068123,0.0462018889528642
255,255,256,2021-01-04,0.4554808058790631,0.4259236638205117,0.4439388184197852,0.417102170106338,0.0638355507198486
256,256,257,2021-01-05,0.4476497056659083,0.4154827838872457,0.4486835877907977,0.4289978218827219,0.0875107137375112
257,257,258,2021-01-06,0.4426799322980139,0.4169065444838546,0.4455957869322475,0.4242087417730062,0.1140979379418095
258,258,259,2021-01-07,0.4679806091066218,0.4458564751549008,0.4669844684662745,0.4503172467055032,0.15958314841033
259,259,260,2021-01-08,0.4837935491485767,0.4529753149552029,0.4834779932024668,0.4597411328437499,0.1256922578509375
260,260,261,2021-01-11,0.4767154655506485,0.4529753233850651,0.4856621324719818,0.4660752542219919,0.0893386997444058
261,261,262,2021-01-12,0.4875584959321088,0.4629417333463677,0.490783283229145,0.4674655442270801,0.0953923775712745
262,262,263,2021-01-13,0.4889141984247165,0.460410786508844,0.4882229233447344,0.4660754479234577,0.0921953964984125
263,263,264,2021-01-14,0.4943357817617468,0.4651567173389994,0.4925910543322709,0.4676202985932987,0.1303870177783411
264,264,265,2021-01-15,0.4800284660724447,0.4662638034150368,0.4903313829699098,0.4768893493362596,0.1509232633967981
265,265,266,2021-01-18,0.4693360390140295,0.4484668272417142,0.4739134203945001,0.4614405766746758,0.0670935346399299
266,266,267,2021-01-19,0.475962312642822,0.4526588687991058,0.48521016696017,0.4598955523415298,0.1019145236742332
267,267,268,2021-01-20,0.4648180756152709,0.4460147558036607,0.4752689533488068,0.4615950577299277,0.0787341615284614
268,268,269,2021-01-21,0.479125118719373,0.4506025928642097,0.4791853554909071,0.4603592314698725,0.120415181659221
269,269,270,2021-01-22,0.4756612422893314,0.4480713548267878,0.4837040149276268,0.459895750587429,0.2534171641617809
270,270,271,2021-01-25,0.4783718295189465,0.454715361770355,0.483553260484852,0.4615949230825333,0.0606586639968573
271,271,272,2021-01-27,0.4984019351913695,0.4733829033684626,0.4995198158093967,0.4762716669101994,0.1495151593275003
272,272,273,2021-01-28,0.4764142589045579,0.4502860691394041,0.4699971430093672,0.4646848490429405,0.1862667055277397
273,273,274,2021-01-29,0.4518664624185764,0.4602523324577132,0.4621644844993582,0.4751900366052177,0.2480773456119608
274,274,275,2021-02-01,0.4694867786296748,0.437946846474768,0.4416796019570557,0.4289979783238016,0.1351832091852413
275,275,276,2021-02-02,0.4982510592831242,0.4741736777455265,0.4918376513203979,0.4694739744440905,0.1396577110448084
276,276,277,2021-02-03,0.5133111190024529,0.4980614996120616,0.5184984791868803,0.494037784817861,0.1262653966957571
277,277,278,2021-02-04,0.5053294154662527,0.4925245882069631,0.5130760234417711,0.5042341950219547,0.1178844932381913
278,278,279,2021-02-05,0.5291243316296077,0.5045477039153092,0.5294942537139049,0.5093323784012505,0.113506924123075
279,279,280,2021-02-08,0.5288231249835171,0.5094517021318186,0.5407910960139066,0.5186017661118618,0.0881562522249993
280,280,281,2021-02-09,0.5107508625106829,0.5016998615391601,0.5172933611785284,0.5121129000675864,0.0919065777084799
281,281,282,2021-02-10,0.4911731119777958,0.4979033336467269,0.4981640298211858,0.5062425075621042,0.1726355383393297
282,282,283,2021-02-11,0.5051788121432075,0.4776540907963567,0.4903314836635257,0.4744176879480426,0.1182697049243693
283,283,284,2021-02-12,0.5024682249135923,0.4861969516608648,0.5069004562062964,0.4907937226594741,0.1130906411735148
284,284,285,2021-02-15,0.4982510592831242,0.4778121335692997,0.5069001814378082,0.4923383069384881,0.1227069572577582
285,285,286,2021-02-16,0.5108180547625032,0.481363058386304,0.5074495998061745,0.4855599374211305,0.2269253131404511
286,286,287,2021-02-17,0.4858376655639915,0.4785459578229458,0.4944209541163835,0.4893331938849674,0.119359238569299
287,287,288,2021-02-18,0.47572284654455,0.4549614449206549,0.4754141159104745,0.4685810567399109,0.1813131783605086
288,288,289,2021-02-19,0.4587117582556348,0.4436927050139494,0.4577870021246759,0.4531743562952084,0.231271990941587
289,289,290,2021-02-22,0.4493630399410235,0.4272720537417458,0.4588597842287576,0.4438986859433409,0.1032220360279096
290,290,291,2021-02-23,0.4706654370348291,0.4409558113842853,0.4570203936214188,0.4349375923831466,0.1017681648274138
291,291,292,2021-02-24,0.4628493290076789,0.4433705207471285,0.4679032113218744,0.4558466816531517,0.0815318348786688
292,292,293,2021-02-25,0.4769487984819185,0.4531907224523881,0.4833846595784263,0.4597770744152596,0.1217233538273708
293,293,294,2021-02-26,0.4441523012562567,0.4451414234515567,0.456407216573006,0.4459423835831895,0.2129433046016121
294,294,295,2021-03-01,0.4832321599290079,0.452868543346494,0.4599326178578717,0.4343085791493852,0.1279203313612278
295,295,296,2021-03-02,0.4890559427287593,0.4710600120519548,0.4994791869500403,0.4769133274287311,0.1049386933382071
296,296,297,2021-03-03,0.5030020830279529,0.4731528138240199,0.4976396954167226,0.4712535801865918,0.1119227095725224
297,297,298,2021-03-04,0.518021118674669,0.4889294772942973,0.506223520698931,0.4942067578541207,0.1906355770884343
298,298,299,2021-03-05,0.5190937414369916,0.4956907962741095,0.5172595900129218,0.5050543069714324,0.1664456987984118
299,299,300,2021-03-08,0.5324268376212009,0.5256339955187888,0.5434704626024469,0.5275356136791642,0.1344518948162155
300,300,301,2021-03-09,0.5411623755282275,0.5309464552683723,0.5500615643212086,0.5372827495519641,0.1218004321544868
301,301,302,2021-03-10,0.5232317210668358,0.5150090419092499,0.5355000581050351,0.530051092014395,0.1024754259597286
302,302,303,2021-03-11,0.5190937414369916,0.5130771293234389,0.5209382914108955,0.527378464722291,0.1166342047942959
303,303,304,2021-03-12,0.5197070581371761,0.4985888393124011,0.5270698217226117,0.507727184036429,0.0651329859070226
304,304,305,2021-03-15,0.5183276407321613,0.4987495438275646,0.5207851963143224,0.5067837597607723,0.0979931862758829
305,305,306,2021-03-16,0.5302814558039557,0.5105015095129899,0.5322812173365015,0.5080413446523455,0.145175139654232
306,306,307,2021-03-17,0.5292086967490333,0.5130772321468382,0.5305951396317554,0.5133866539147811,0.1236968589172096
307,307,308,2021-03-18,0.5083660145951658,0.4988300571785302,0.5169531270283982,0.5132293571492854,0.2400023561375013
308,308,309,2021-03-19,0.4924276853611731,0.4794314545522069,0.4999391325917128,0.4909053658153355,0.5505433782129141
309,309,310,2021-03-22,0.4980978664006781,0.4725087785404074,0.4929645589500475,0.4783280219938743,0.0820536281608337
310,310,311,2021-03-23,0.4933469789484495,0.4725893155902059,0.4968732548250647,0.4707819710030021,0.0790322777041551
311,311,312,2021-03-24,0.5178677894996229,0.4903782432311165,0.5046905822768273,0.4838306282751532,0.1049680250907049
312,312,313,2021-03-25,0.5204731588420064,0.498588607968599,0.5212449829229913,0.5017529239770111,0.1076396138933654
313,313,314,2021-03-26,0.5121973358749179,0.4998763329317837,0.5233908406566365,0.5116572104156125,0.1293387525295637
314,314,315,2021-03-29,0.5056074523703362,0.4924710902356404,0.5163400155492355,0.5014384389171866,0.0724984948732115
315,315,316,2021-03-30,0.5030020830279529,0.4895732736259119,0.5111283451939561,0.4934206117520092,0.0824891057132555
316,316,317,2021-03-31,0.5137299461623788,0.5011643392838552,0.5213983226851577,0.4989231197424049,0.1749172967544985
317,317,318,2021-04-01,0.5154157493322857,0.4887685073778787,0.5172596743896865,0.4979797558152061,0.088639836250843
318,318,319,2021-04-06,0.512657050814856,0.4981054514318732,0.5249235930715701,0.5137008996026198,0.1008707571605016
319,319,320,2021-04-07,0.5203199659595603,0.4945640714661472,0.5203254303488507,0.4997091799109132,0.0953994555810797
320,320,321,2021-04-08,0.5293618896314791,0.5128356637524591,0.5358065298627412,0.5129149386876275,0.1374204001318909
321,321,322,2021-04-09,0.5295150825139252,0.5067987338529283,0.5312082046571975,0.517631267256607,0.0775852445809287
322,322,323,2021-04-12,0.5232317210668358,0.5061547938836493,0.5313614165802343,0.5162164276221974,0.0730423019655333
323,323,324,2021-04-13,0.530434921271602,0.5064770612654195,0.5341206866995272,0.5089848833677852,0.0736421932880912
324,324,325,2021-04-14,0.5397832307084129,0.5133991980687116,0.5402517058403453,0.5184173806022703,0.0998104952849358
325,325,326,2021-04-15,0.5414690338783199,0.5150090209154288,0.5420911085260547,0.5302083176828603,0.0942322437776946
326,326,327,2021-04-16,0.5426951221082885,0.5151701883034949,0.5466895957188771,0.5251776633688101,0.1484718126957062
327,327,328,2021-04-19,0.5557218325276057,0.5323957244766662,0.5569595776653036,0.5379119407189441,0.1073905039381027
328,328,329,2021-04-20,0.5388638008285365,0.528371036602427,0.548529048667207,0.5410562148077349,0.0890648167548248
329,329,330,2021-04-21,0.545453548040518,0.5199995081782258,0.5382590732818215,0.5152731491939324,0.1451753196036338
330,330,331,2021-04-22,0.560319254512188,0.5333613216700399,0.5598715692960945,0.5391694023289817,0.1558441597391645
331,331,332,2021-04-23,0.5641507120845402,0.5373860552242786,0.566616045099499,0.5449864060483169,0.0759601815161613
332,332,333,2021-04-26,0.5589399733997733,0.5470450096897088,0.5699880982722094,0.5577204440359693,0.052559441336285
333,333,334,2021-04-27,0.5632310096194637,0.5385127250004846,0.5612510373445709,0.5459294261812915,0.0891172420138905
334,334,335,2021-04-28,0.576717434978719,0.5567041020780983,0.5781119425301444,0.5539473676559556,0.1266533076229626
335,335,336,2021-04-29,0.5734994303991514,0.5602461480257588,0.5840902029396156,0.5710838187727876,0.0770638711807014
336,336,337,2021-04-30,0.5587867805173272,0.5436644305522595,0.5676889603432922,0.5581921602432087,0.1410610764465247
337,337,338,2021-05-03,0.5689013269515688,0.5470449041870227,0.573666699947682,0.5533184086846301,0.0852765219475587
338,338,339,2021-05-04,0.5803954270834251,0.5576700087818518,0.5790315045522763,0.560707426578122,0.0977447361350935
339,339,340,2021-05-05,0.6151845221216861,0.5909942405632724,0.6096878601386462,0.6011113006169164,0.1647121862274765
340,340,341,2021-05-06,0.6185562647541001,0.5971117724845489,0.6159725425669429,0.6088148102644488,0.1878511600108281
341,341,342,2021-05-07,0.6335747552304161,0.6132099021771558,0.6256287895468331,0.6088144090256775,0.1622506583598823
342,342,343,2021-05-10,0.6524252484494844,0.6305964935302775,0.6440226572988859,0.6229636961700169,0.0960096040195418
343,343,344,2021-05-11,0.6436898468350576,0.63574813292211,0.6509203408620328,0.6402571631315743,0.1157330781730792
344,344,345,2021-05-12,0.6588619390716199,0.6368749432048406,0.6447890161839382,0.6245358247864057,0.1828367499626455
345,345,346,2021-05-13,0.6651455731039093,0.6518467410290798,0.6596573904682856,0.6470173714855396,0.1265582343556638
346,346,347,2021-05-14,0.6743408259508743,0.6660134166096763,0.6840290677530534,0.6756300596311657,0.105592809413849
347,347,348,2021-05-17,0.6928845245272506,0.6824339023839641,0.6916930057858408,0.6715424040962881,0.0948057425213178
348,348,349,2021-05-18,0.6924249458799123,0.6895979259555931,0.704721999167423,0.6929234968946136,0.0935717694898548
349,349,350,2021-05-19,0.6550304814992678,0.6598957646422134,0.6639489966128103,0.6668259500043667,0.1572155541304896
350,350,351,2021-05-20,0.7022331065492615,0.6837218607481153,0.6755985389064385,0.6573932907888633,0.1754847372015936
351,351,352,2021-05-21,0.6968691749820486,0.6851706237887374,0.7018094626812434,0.6872636611088745,0.246672360665628
352,352,353,2021-05-24,0.7077502309989205,0.6946688226851212,0.7030357303275001,0.6874209019678847,0.0805416932866816
353,353,354,2021-05-25,0.7210833271831298,0.7025570981093361,0.7175973620335268,0.701098462839743,0.0705230703230865
354,354,355,2021-05-26,0.7203172264782995,0.7114113311862598,0.7275607257653625,0.7070726022755331,0.0975241781515873
355,355,356,2021-05-27,0.7109687807488885,0.7094796840932436,0.7197434758104035,0.713361227019413,0.1882195764195023
356,356,357,2021-05-28,0.7353361258324156,0.7172068324864282,0.7209696695558181,0.7045571580181826,0.1471263310182443
357,357,358,2021-05-31,0.7224627445881446,0.7323394488142234,0.733691936502485,0.7301828349962562,0.1107039722570807
358,358,359,2021-06-01,0.7184779578407465,0.7052937477545485,0.7212759944715859,0.7089590209192649,0.052823966956971
359,359,360,2021-06-02,0.7318113266101558,0.7149530365694234,0.7284803775572666,0.7188635527924776,0.0985143797267084
360,360,361,2021-06-03,0.7452977519694111,0.737974027057027,0.7450347736444045,0.726724247033429,0.0917731152354581
361,361,362,2021-06-04,0.7653739245406482,0.7506917425613707,0.7620487896114798,0.7462184311152447,0.1225075733205337
362,362,363,2021-06-07,0.7563321371613293,0.7452184833116255,0.7615891428363593,0.7542364889725193,0.0538544771981014
363,363,364,2021-06-08,0.7494355953066554,0.7471500907972854,0.7499396528953977,0.7479478253411507,0.111103519912271
364,364,365,2021-06-09,0.743305426742012,0.7389399623725688,0.7534651965785015,0.740558853788138,0.0885201698986279
365,365,366,2021-06-10,0.7551057763461605,0.7423204285112981,0.7508591368172564,0.7345846120451267,0.0864183608852862
366,366,367,2021-06-11,0.7475964629617025,0.7354786337194572,0.7516257138826439,0.7345847429060919,0.0833905322501419
367,367,368,2021-06-15,0.7796265868973339,0.768078179500486,0.7614356347252491,0.7424453436102876,0.1166984467307482
368,368,369,2021-06-16,0.8006225982262475,0.7877185182409129,0.791325510960732,0.781905829472791,0.1454525016655816
369,369,370,2021-06-17,0.8173274370428706,0.8139591305173358,0.8173831940483982,0.8053305007330758,0.2147336212003908
370,370,371,2021-06-18,0.7833044427094399,0.7951233763217432,0.7956169204815369,0.8029718130981616,0.4854815323027471
371,371,372,2021-06-21,0.6970223678644947,0.7374909139476657,0.7093202014475288,0.7459040317617507,0.2651045179116535
372,372,373,2021-06-22,0.730278852615295,0.7275099331978605,0.736604279277087,0.7246805119490596,0.1502798843021319
373,373,374,2021-06-23,0.7144933073859483,0.7109282144761355,0.7225022684885878,0.7168196511644589,0.1166307257725272
374,374,375,2021-06-24,0.7060644278290136,0.6949907464474414,0.7114660992481805,0.703142167109988,0.1182961574864379
375,375,376,2021-06-25,0.7154130098510247,0.7080305729271219,0.7200499349410294,0.7183918516339065,0.1214068828126907
376,376,377,2021-06-28,0.7247615918730359,0.7060988713924927,0.712999083798499,0.7102167737074843,0.0816279278592445
377,377,378,2021-06-29,0.7341101738950471,0.7162409548611115,0.7200500193695853,0.7048716462923643,0.0953485299003626
378,378,379,2021-06-30,0.7247615918730359,0.7242901821167782,0.737064133484262,0.732698179351793,0.1149776505842087
379,379,380,2021-07-01,0.7068306648264442,0.7081915834755799,0.7163711077153905,0.7165052483390031,0.1055048141563555
380,380,381,2021-07-02,0.7189378090732848,0.7001423305789316,0.7197433174202528,0.7055004335753359,0.091782532587487
381,381,382,2021-07-05,0.7141866490358559,0.6994980525136809,0.7194365037759092,0.7036135266382233,0.051572298900995
382,382,383,2021-07-06,0.7056045765964754,0.7075474774897965,0.7179038667912967,0.711002686421645,0.1007737644329167
383,383,384,2021-07-07,0.7223094154130985,0.7035229961040799,0.7137653703723128,0.695281577794084,0.0916900385949478
384,384,385,2021-07-08,0.7189378090732848,0.7110893453034883,0.725874564715767,0.7088018835694336,0.087377671146427
385,385,386,2021-07-09,0.7051448616565372,0.6903221971693969,0.7039554234316803,0.6976397925462943,0.1421719640871379
386,386,387,2021-07-12,0.71403359244601,0.6999812322048142,0.719436733472713,0.7086445607985434,0.0695570419509442
387,387,388,2021-07-13,0.7020799136668154,0.7101235636190291,0.7136121558302466,0.7188635691137228,0.1151316272890388
388,388,389,2021-07-14,0.7080567530564128,0.6928980408788055,0.7076341417257654,0.6937094950581002,0.1014551728345024
389,389,390,2021-07-15,0.7008536891442467,0.694185746725166,0.7100866079714687,0.7029848980935764,0.1017328947446557
390,390,391,2021-07-16,0.6990146930918939,0.681145949397171,0.7024225626211824,0.6922944213433526,0.1677793637984871
391,391,392,2021-07-19,0.6911988576499437,0.6748677178501026,0.6814232580071209,0.6756301107923186,0.0758624090078351
392,392,393,2021-07-20,0.690125962302421,0.6743846569912844,0.6782042633280925,0.6622669444286251,0.1106003214016282
393,393,394,2021-07-21,0.7025396286067538,0.6898393310362381,0.7053350760426844,0.6913513334584798,0.0925987230910412
394,394,395,2021-07-22,0.724914784755482,0.706259792014112,0.7226557418320598,0.7028279054240334,0.1013091738864866
395,395,396,2021-07-23,0.7132673554485796,0.698532386198736,0.7202030321159598,0.7031421093129855,0.0724036015553146
396,396,397,2021-07-26,0.7135738775060718,0.7048108760635858,0.7206630362518156,0.7066008713016259,0.0634545378530464
397,397,398,2021-07-27,0.7376347005321069,0.7207482506693486,0.7277903880218153,0.709273313021151,0.1318023798068459
398,398,399,2021-07-28,0.7160259176734092,0.7138259262829296,0.7254146081042454,0.7193349600783085,0.1183491225937091
399,399,400,2021-07-29,0.7183244923731003,0.7009470079340439,0.7223488936308273,0.7080154813872483,0.0836322642799297
400,400,401,2021-07-30,0.721389985533222,0.7108479265458092,0.730626272686058,0.7135183574113728,0.1290960007864988
401,401,402,2021-08-02,0.752194293824085,0.7460233152277402,0.7338453689421629,0.717134283438112,0.1179843651562053
402,402,403,2021-08-03,0.7489756077815171,0.7363639633684478,0.7546911890945243,0.7348990230313963,0.0773219786060555
403,403,404,2021-08-04,0.7609294228533118,0.7484377228801251,0.762048569571609,0.7424451368714897,0.0915287439477767
404,404,405,2021-08-05,0.7790135427823496,0.7677560043073163,0.774464334613481,0.7581664715226,0.0986453229081047
405,405,406,2021-08-06,0.7842244177597165,0.7761276059533687,0.7893328443197234,0.7738880110889794,0.0939680180726783
406,406,407,2021-08-09,0.8024615942786003,0.7980214699929841,0.8042009250569051,0.7936966706109181,0.0923046857684556
407,407,408,2021-08-10,0.8272887905946659,0.8137980039353389,0.8186093666391527,0.807845856528544,0.1203231075486195
408,408,409,2021-08-11,0.8519627940282853,0.8535614327877382,0.8483457286280813,0.8564244949479927,0.1958010246678839
409,409,410,2021-08-12,0.8168677221029322,0.8517908450981045,0.8209087288490837,0.858154098708686,0.209376827423665
410,410,411,2021-08-13,0.7885153176868068,0.8089684271981191,0.794697432914361,0.8131909419468089,0.2030337909586582
411,411,412,2021-08-16,0.7656804465981403,0.766629210684742,0.7761505239411433,0.7746739368615547,0.2102592393070916
412,412,413,2021-08-17,0.7416098105049023,0.7549927077190194,0.7539152116729884,0.7610402574534965,0.2183299699790413
413,413,414,2021-08-18,0.7536452648441213,0.7495746468622473,0.7582925837972976,0.7419599263398482,0.1610844062866403
414,414,415,2021-08-19,0.7450484728039362,0.7413650564316943,0.7554784577446769,0.7360272353035828,0.1134834107345696
415,415,416,2021-08-20,0.7458298382799711,0.7517087618328663,0.757823348699352,0.7501370254104405,0.1361825281967216
416,416,417,2021-08-23,0.7598972789932014,0.7430069608684644,0.7636077194266289,0.7483734074578683,0.0585588344269358
417,417,418,2021-08-24,0.7558334425377794,0.7500670029272977,0.7656399246530508,0.7583144890181233,0.0590606533254979
418,418,419,2021-08-25,0.7622417842991064,0.7538433490546291,0.7659525037490613,0.7499767142333933,0.0631501834314227
419,419,420,2021-08-26,0.7727142351010553,0.760575158686125,0.7670469694986042,0.760399003328319,0.078828275065617
420,420,421,2021-08-27,0.7813108908486405,0.7661575382559876,0.7765830254346402,0.7637660571110128,0.0933654874922269
421,421,422,2021-08-30,0.7638049241289763,0.7746952915027009,0.7695482712997015,0.7822052156595074,0.0946706605036795
422,422,423,2021-08-31,0.7591157772245664,0.75055952688492,0.7634512993429989,0.7501370981481279,0.1557880155257944
423,423,424,2021-09-01,0.7728704264207024,0.7566345323003715,0.7562601546790979,0.7440442334612316,0.0862373317870481
424,424,425,2021-09-02,0.7786537303182414,0.7730533620110583,0.7759577773345261,0.7741881436942573,0.0922010948961371
425,425,426,2021-09-03,0.7859999014604503,0.773053383089468,0.7854938020599402,0.7719434145390611,0.0752141112961857
426,426,427,2021-09-06,0.7910017035893545,0.7756804327765908,0.7793969362022062,0.7711416501347022,0.066450935326005
427,427,428,2021-09-07,0.7906891846574605,0.7810986995034003,0.7942484872551634,0.7822053043939168,0.0588940201794059
428,428,429,2021-09-08,0.8028806940237264,0.7943978718921155,0.7933103054148039,0.7754709295239737,0.1060341653133971
429,429,430,2021-09-09,0.7658369105029873,0.7779790898832807,0.7709551500980654,0.7830069312203571,0.127041278533302
430,430,431,2021-09-10,0.7742771023457254,0.7728890991465135,0.7801785904957312,0.7809223535552388,0.0986702758918247
431,431,432,2021-09-13,0.7775594370325124,0.7627093875954004,0.7756448770711353,0.7626434680896053,0.0461313487873479
432,432,433,2021-09-14,0.7819360650050283,0.7723965759439931,0.7712678188821953,0.7645677517973923,0.1058111480213993
433,433,434,2021-09-15,0.7792787681820293,0.7696052324251473,0.7754885004763403,0.7682553275755688,0.0790530918516331
434,434,435,2021-09-16,0.8017862644453974,0.7870090154700954,0.7946389051825231,0.7820444871237777,0.1919980339928019
435,435,436,2021-09-17,0.8022553835747385,0.792920028275567,0.8015957997962573,0.7838084688942626,0.2892566668104262
436,436,437,2021-09-20,0.7699007469584093,0.7768298209064773,0.7817419796123644,0.7788380978913414,0.0885552600319842
437,437,438,2021-09-21,0.7625544395236002,0.7480969058524725,0.7631386641668274,0.7490148171344941,0.0883865874593382
438,438,439,2021-09-22,0.7516132784701103,0.7480969236896635,0.7618881336217236,0.7458080841335533,0.0878214863544668
439,439,440,2021-09-23,0.7697445556387624,0.7604110618500534,0.7717369107208585,0.7568715052868464,0.0876044673758632
440,440,441,2021-09-24,0.7838117237667924,0.7691129703506375,0.782054705118888,0.7741882234104955,0.0900887888343555
441,441,442,2021-09-27,0.8289833164909756,0.8213246847425589,0.8008141985876023,0.7868550650648058,0.2250787323620344
442,442,443,2021-09-28,0.8197613502944024,0.8377433283790198,0.8302040158931254,0.8303070420275314,0.2168632623878817
443,443,444,2021-09-29,0.7981915471193165,0.8039205431214326,0.7984690949177626,0.8060956723829995,0.2662350200370659
444,444,445,2021-09-30,0.8249194800355536,0.8134435717401559,0.8216060460774313,0.8142731444800297,0.313689836691719
445,445,446,2021-10-01,0.7584906030681783,0.7906214601760654,0.7636077152540373,0.7822051439114412,0.3417125772575267
446,446,447,2021-10-04,0.8378924911704545,0.8326533261935797,0.8081614981565606,0.7943908387664276,0.5952047203367358
447,447,448,2021-10-05,0.8432069485238526,0.8431615555995357,0.8353630411375472,0.8269400366270812,0.313602381282431
448,448,449,2021-10-06,0.8106958480026764,0.8172199669566337,0.8069110296016915,0.8238935363834519,0.5185872436388337
449,449,450,2021-10-07,0.8105395203904294,0.8058908480449002,0.811757104173314,0.812188674219114,0.1920256862175493
450,450,451,2021-10-08,0.8267950025047174,0.8132793069494607,0.8153527930186892,0.8094628562237942,0.4595734971240786
451,451,452,2021-10-11,0.8305463200282456,0.821652874656963,0.8242635386715536,0.8144334315943531,0.1190779776542431
452,452,453,2021-10-12,0.8336724633953855,0.825593481604533,0.8266086339840282,0.8086613121932953,0.2013829351462955
453,453,454,2021-10-13,0.8075698409281366,0.8205036843614101,0.8170724968469563,0.8245349209437238,0.1532821001390829
454,454,455,2021-10-14,0.7870941947461795,0.796696534897496,0.7994073157323556,0.8048132136164088,0.1204361157729669
455,455,456,2021-10-15,0.7928772260585183,0.7804417284964994,0.7933102346481711,0.7865342304989289,0.0816669168963071
456,456,457,2021-10-18,0.8188236572061204,0.8083537810596609,0.8094123380878107,0.7910238926164566,0.1186601351432004
457,457,458,2021-10-19,0.8180421554374856,0.813279407137291,0.826139678185885,0.8133112005620136,0.0743843646043605
458,458,459,2021-10-20,0.8358605047964435,0.8252649567186957,0.8344249289969004,0.8200452368849238,0.1291941931767625
459,459,460,2021-10-21,0.8346101564836675,0.8269069217394024,0.8408344916305772,0.8307880924808013,0.1208114902251784
460,460,461,2021-10-22,0.8335162720757386,0.8218173836703998,0.8309859919642264,0.8224507072373004,0.1466208531485117
461,461,462,2021-10-25,0.8425819106600646,0.8375794282440229,0.847400687196175,0.8303073544832971,0.0600719089806328
462,462,463,2021-10-26,0.8369547980821724,0.8387285408969457,0.847400500966474,0.8391259101846962,0.0628756406273684
463,463,464,2021-10-27,0.8525849697474724,0.8405344592519751,0.8458369592270767,0.8309483850908013,0.0888577549764557
464,464,465,2021-10-28,0.8644642327670445,0.8528487428981041,0.8566239328230651,0.8461808200893297,0.1152195025802644
465,465,466,2021-10-29,0.8303899924159984,0.8584309276027792,0.8347376115795073,0.8623750517143915,0.160413075051557
466,466,467,2021-11-01,0.8555546492097655,0.8452957959996278,0.8438045976628066,0.8412100097980824,0.1449598601865127
467,467,468,2021-11-02,0.8472709212718746,0.8477589797480708,0.8488074644358832,0.8514720882680236,0.0766264741679934
468,468,469,2021-11-03,0.8666522741681025,0.8594160780072183,0.8653781681944903,0.8546786202507024,0.0887259120480503
469,469,470,2021-11-04,0.8900978723975527,0.8797754587992889,0.8821055609187505,0.8663836088812269,0.0889587665740147
470,470,471,2021-11-05,0.9090105150422396,0.903582613747832,0.9022720804589516,0.8864260705148737,0.124095266892855
471,471,472,2021-11-08,0.9155753207084136,0.9075233167431724,0.9144658798591808,0.9104771651654346,0.0698119702701994
472,472,473,2021-11-09,0.8949432106216096,0.90194076956095,0.9060240889293428,0.9080719487711946,0.0743098055688701
473,473,474,2021-11-10,0.8965064867440796,0.9034186829217056,0.9050861776252546,0.8944432296953877,0.0674138445751823
474,474,475,2021-11-11,0.8693097072837016,0.8909404429335742,0.8700684131138998,0.8946036751708393,0.1045713566259439
475,475,476,2021-11-12,0.8841583771803666,0.8781335885735347,0.8742890579394245,0.8673455933112431,0.0777096496007252
476,476,477,2021-11-15,0.8824390460308497,0.8733721402326405,0.8852322253307063,0.87889010373402,0.069890428209396
477,477,478,2021-11-16,0.8772810525822986,0.8710735638230435,0.8799169930640449,0.870392147998341,0.1244953543962508
478,478,479,2021-11-17,0.7414534828926551,0.794397828005513,0.7481309771069018,0.8030493794516473,0.4790608176792849
479,479,480,2021-11-18,0.7175391744116641,0.7259314658230562,0.7298404902011075,0.734103216812972,0.2861388634743683
480,480,481,2021-11-19,0.7230096867921092,0.7190355243683599,0.7304657471188394,0.7137400167570098,0.1908642327950227
481,481,482,2021-11-22,0.6915928795566622,0.7072140362355182,0.7015448215021742,0.7151830736910818,0.1297576147538835
482,482,483,2021-11-23,0.707535706446456,0.6969522427823034,0.7093612600469632,0.6884062793134873,0.1221819248863604
483,483,484,2021-11-24,0.713162546439148,0.7127963452752111,0.7149890556414358,0.7052418136630842,0.147481731086853
484,484,485,2021-11-25,0.691123760427321,0.6919444437726727,0.7018573193292634,0.699950712934698,0.1337513517949023
485,485,486,2021-11-26,0.676118626625809,0.680451301891533,0.6791895151887608,0.6827943019662921,0.1618362948706083
486,486,487,2021-11-29,0.6600196084163681,0.651226090034724,0.6554275194457766,0.6438318876102462,0.1773830234414687
487,487,488,2021-11-30,0.650641314607548,0.6579575946310428,0.6626186691791416,0.6629121312867339,0.3439679430937609
488,488,489,2021-12-01,0.6615826119536381,0.6423599250674787,0.6504249672129785,0.6314856367774198,0.1288440116408068
489,489,490,2021-12-02,0.6931558830939322,0.675197448298333,0.6601174089250845,0.6378992126139074,0.1577777760449317
490,490,491,2021-12-03,0.7042535080522692,0.6898102743468626,0.7013885629410175,0.6941786862019419,0.1388199266130349
491,491,492,2021-12-06,0.71410051211263,0.7022885278962585,0.7099866914419513,0.6959423778681229,0.1075013527696282
492,492,493,2021-12-07,0.720196334942063,0.7111546945876837,0.7188974892061806,0.7180692558402391,0.0909389297917211
493,493,494,2021-12-08,0.7251980007783672,0.7224835375650298,0.7228057007350308,0.7222380955791525,0.127381802784693
494,494,495,2021-12-09,0.7284804717577542,0.7167369856057608,0.7309347937626989,0.7199933441499424,0.0836897881053805
495,495,496,2021-12-10,0.7244164990097322,0.7165727039614436,0.7314037086099265,0.7148624133316532,0.0815590072383447
496,496,497,2021-12-13,0.726448212798543,0.7283940528106227,0.7342174642245334,0.7228792207674402,0.0852968562299652
497,497,498,2021-12-14,0.7187895227244401,0.7137814865569334,0.7203042603348215,0.7025161162101607,0.0922277274076075
498,498,499,2021-12-15,0.7092550375959732,0.7073781920716062,0.7149891267179824,0.7081280111532557,0.088686683078452
499,499,500,2021-12-16,0.707066723609715,0.696952145287977,0.7115497751455053,0.6969041828521143,0.1453517899836924
500,500,501,2021-12-17,0.743485332974066,0.7316778945714326,0.7234308031882055,0.704760738869115,0.4061035717976819
501,501,502,2021-12-20,0.7447358175794421,0.7270806870337811,0.7387511977931631,0.7284912563047237,0.0817844838388342
502,502,503,2021-12-21,0.7508315041162753,0.7402156290735635,0.753915073506485,0.7427613698337139,0.0886291592530012
503,503,504,2021-12-22,0.7538015924563682,0.7388203517795717,0.7571982712752814,0.7469305394048504,0.0781421879795839
504,504,505,2021-12-23,0.7589594496123194,0.7499027699356886,0.7657962782898708,0.750137107361526,0.0385158301188871
505,505,506,2021-12-24,0.7670872588157635,0.7589332517383461,0.7786154069332454,0.7594369508860823,0.0322438736676021
506,506,507,2021-12-29,0.7869377308413325,0.7791283040181481,0.7909653680203519,0.7729053426230372,0.0718428192360872
507,507,508,2021-12-30,0.7927208984462714,0.7825762602384353,0.7962805468907062,0.7822051147832785,0.0398747480183521
508,508,509,2021-12-31,0.7728704264207024,0.7839718248331501,0.785181133283749,0.7865342230532242,0.0508348062691732
509,509,510,2022-01-04,0.7964722159697993,0.7865166857087295,0.7898710443888408,0.782205068316856,0.1106596447210973
510,510,511,2022-01-05,0.8072570494110424,0.7973531364759595,0.8105065582846323,0.8027285550481205,0.1041533341654993
511,511,512,2022-01-06,0.7567712719186613,0.7916065621883787,0.7661089429662966,0.7950324039706054,0.1351377419697129
512,512,513,2022-01-07,0.7986606662486574,0.7873379012416507,0.7990946551099773,0.7820449131020779,0.1346873286169395
513,513,514,2022-01-10,0.8091328444654066,0.7947261900849975,0.8020648502885381,0.7961547967678855,0.0669884441892628
514,514,515,2022-01-11,0.7847496894402745,0.7876662233057502,0.7792408292670869,0.790542913401862,0.1196892057891162
515,515,516,2022-01-12,0.7819360650050283,0.7809344145677387,0.7823672164886277,0.7846102461772135,0.0723795483186037
516,516,517,2022-01-13,0.7903763931403663,0.7802775850129097,0.7959678876282419,0.7806016860031211,0.0772815499737783
517,517,518,2022-01-14,0.7705260574073974,0.7837257701795851,0.7773648485169067,0.7783571837229775,0.1082626587056251
518,518,519,2022-01-17,0.7753713956314544,0.770590538766296,0.7822108903391616,0.7798000369260172,0.0669725486587681
519,519,520,2022-01-18,0.7695880917339154,0.7604109275595899,0.7789279381853653,0.7661711219158112,0.0548153470207247
520,520,521,2022-01-19,0.7467678039534531,0.7505595214715354,0.7512575934806291,0.7563903412047528,0.1372103991799586
521,521,522,2022-01-20,0.735513987675469,0.7246179721865413,0.732810713020484,0.7203138870460402,0.1526499978735979
522,522,523,2022-01-21,0.7161324984866411,0.7124680616206975,0.7228056948832524,0.7150227177771131,0.1944891335454297
523,523,524,2022-01-24,0.71722638289457,0.7085273412265756,0.717959159780662,0.7020349815983087,0.0922981476068559
524,524,525,2022-01-25,0.6861220945910169,0.6934222339281848,0.6737180693790443,0.6973852484453329,0.3270402828132785
525,525,526,2022-01-27,0.6600196084163681,0.7044229237127146,0.6602738229863099,0.686803003392503,0.300434583803726
526,526,527,2022-01-28,0.689560756890051,0.6747047997342537,0.6502685813709621,0.6661189786671828,0.8065199027337494
527,527,528,2022-01-31,0.6593941616747798,0.661898092151094,0.6716856088262575,0.6701274040066778,0.1677028253195766
528,528,529,2022-02-01,0.6623641137222729,0.657957656295695,0.6635566670883162,0.6563383165386969,0.1356348222006936
529,529,530,2022-02-02,0.6750247422178801,0.6592713007592379,0.6791897472184754,0.6619502988878019,0.1036329204954151
530,530,531,2022-02-03,0.65470542364817,0.6563159460601788,0.6540206760287588,0.6459163326511552,0.1788129613715215
531,531,532,2022-02-04,0.665021274252672,0.6433449830021924,0.6573034872197696,0.6369372310736452,0.1731852837619118
532,532,533,2022-02-07,0.6634581344228019,0.6451509211368722,0.6513628702800511,0.6443127206931587,0.1671459419040554
533,533,534,2022-02-08,0.6681471450346119,0.6520466400874514,0.6593354695695817,0.6390213379963341,0.152376054900883
534,534,535,2022-02-09,0.7503627938647343,0.7384097428007337,0.7368753673117296,0.7342635564384159,0.3050793177974217
535,535,536,2022-02-10,0.7694317641216682,0.753022408382705,0.7482873313104983,0.7501371356160789,0.2289714578054942
536,536,537,2022-02-11,0.7345761582945871,0.7431711031913477,0.7434410923124521,0.7408373317559664,0.1863442037367933
537,537,538,2022-02-14,0.7578654289117904,0.748589464719223,0.7414088525415292,0.7228794621507768,0.133627726555847
538,538,539,2022-02-15,0.7492686368716053,0.74596232778534,0.7528209103235457,0.7353858912029965,0.138968744768346
539,539,540,2022-02-16,0.7624741631821762,0.7498920243712743,0.758392860658401,0.7528950344387628,0.1977740498926511
540,540,541,2022-02-17,0.7662924003723243,0.7580810594019806,0.7679403928420794,0.7558325336486835,0.1344259221192185
541,541,542,2022-02-18,0.749427690335853,0.7458808581045546,0.7563240986142101,0.7462031964327223,0.120623443100269
542,542,543,2022-02-21,0.7548371436314797,0.7418697589306926,0.7377059913633475,0.7290660673765355,0.0970531905838716
543,543,544,2022-02-22,0.7222213703934721,0.7166336037986158,0.7187697663165131,0.7194367078257384,0.1402116552867665
544,544,545,2022-02-23,0.7325629802993818,0.7186390221834644,0.7308634365271587,0.7142139377537164,0.1150055427414919
545,545,546,2022-02-24,0.701060853896309,0.7064388624620861,0.7090629493157343,0.7122554433456798,0.1891752876926066
546,546,547,2022-02-25,0.6878553275857382,0.7010907313233898,0.6945821225254449,0.7073591422649748,0.2730467647106986
547,547,548,2022-02-28,0.6811730376983289,0.6850464512906866,0.6788283637288024,0.6854887862008372,0.581617100903568
548,548,549,2022-03-01,0.7028108508808353,0.7066894026461348,0.7003106869766595,0.6810821128092324,0.1181723522979808
549,549,550,2022-03-02,0.7009015278468611,0.6893915764382368,0.6796238421384417,0.6579060297277746,0.1618975376503635
550,550,551,2022-03-03,0.6978788305631523,0.693569928398357,0.704289001150614,0.7014835583653296,0.2445199858703729
551,551,552,2022-03-04,0.6993105843265828,0.686884817492748,0.6934681369609232,0.6939757703566387,0.1690920347016826
552,552,553,2022-03-07,0.6999469344761742,0.6835421143704705,0.696491551594524,0.6849990549671667,0.1778195207071675
553,553,554,2022-03-08,0.7150616475281191,0.7067729358363422,0.7085854650049694,0.6907115034664937,0.2016193286771625
554,554,555,2022-03-09,0.7440182370402264,0.732677710137281,0.7160643684892714,0.7013201809472125,0.1365893937942529
555,555,556,2022-03-10,0.7810888702031736,0.76827585274811,0.7673038646010346,0.750283428545901,0.1864202623506322
556,556,557,2022-03-11,0.7753613099790514,0.7713679188383532,0.7757377815674578,0.7577912241193843,0.1969685963700726
557,557,558,2022-03-14,0.817045992823786,0.8043755645232274,0.7991297065135885,0.7842313911920142,0.1721717487476871
558,558,559,2022-03-15,0.8453660958937018,0.8331215365197181,0.8341381167582647,0.8204642127221868,0.1702090406219579
559,559,560,2022-03-16,0.8609582419235903,0.8496672564516187,0.8568936541714844,0.8491893427575663,0.151110770673502
560,560,561,2022-03-17,0.8830732154988402,0.8866022648836115,0.8815583799531304,0.8930929166986568,0.2187190805689256
561,561,562,2022-03-18,0.88530064546131,0.8747362381233464,0.878694072074514,0.8725283389499607,0.3574970189882009
562,562,563,2022-03-21,0.8759134926334874,0.8924516291400709,0.8882416884378463,0.881504893474625,0.1119548605323155
563,563,564,2022-03-22,0.8818003789070575,0.8916161501944896,0.8941295738607269,0.8914608406952542,0.0853547399542196
564,564,565,2022-03-23,0.90375643531066,0.8942901844448313,0.8998582752182778,0.8870541374270988,0.0812593315011685
565,565,566,2022-03-24,0.9021654917903812,0.8924518232827622,0.8969940018350204,0.8824843060879992,0.0795022455585938
566,566,567,2022-03-25,0.87941389548034,0.8994711110777315,0.891742685389108,0.8978261211025069,0.1544364155686704
567,567,568,2022-03-28,0.8829140257419924,0.8872707332726667,0.8930156167391479,0.8927664940917635,0.0557559425440754
568,568,569,2022-03-29,0.8865736183456928,0.8882736680667563,0.8973122384939256,0.8841164224932658,0.0737370866059881
569,569,570,2022-03-30,0.8977106318654419,0.8956272569358311,0.9008130290422584,0.8927666351588828,0.0830751409318727
570,570,571,2022-03-31,0.8770272757610224,0.8922845465451902,0.8893556606017567,0.896357087674357,0.1744559064882136
571,571,572,2022-04-01,0.8572986493198899,0.8720620809579159,0.8694645229695814,0.8730178980857592,0.1018138719754779
572,572,573,2022-04-04,0.8444115025230147,0.8571877981255122,0.8567343516652788,0.8570233709097117,0.0715061339052685
573,573,574,2022-04-05,0.8545940589646767,0.8506698888703573,0.8586438720402514,0.8452722290572139,0.0571920587369243
574,574,575,2022-04-06,0.8760726823903352,0.8663798262043959,0.8573708443018178,0.8447825242640183,0.0917162512244807
575,575,576,2022-04-07,0.8685949888890868,0.8625359505455085,0.8713742402324167,0.8607772220804397,0.05978111074728
576,576,577,2022-04-08,0.8708225551441565,0.8648758857604827,0.8755117729001567,0.8710597368580573,0.0833983300575544
577,577,578,2022-04-11,0.8946875257039327,0.8886077883692057,0.8890374013689655,0.8735076216024078,0.0698735129656243
578,578,579,2022-04-12,0.8919829353487195,0.8879393791936511,0.8930157301673949,0.8896655667478157,0.0590257431415434
579,579,580,2022-04-13,0.889437262165154,0.8849309638477859,0.894288681972502,0.8857484320095927,0.0677325949489522
580,580,581,2022-04-14,0.8886418585513148,0.8883572720417287,0.8903106156824141,0.8753031092472454,0.062571946020218
581,581,582,2022-04-19,0.8967559022021546,0.8927859522398843,0.8996989754390157,0.8899917954979129,0.0844537332992709
582,582,583,2022-04-20,0.9004153585132552,0.9041508264973636,0.9067008630185652,0.9014168133252268,0.0890329057275675
583,583,584,2022-04-21,0.9180757447487656,0.909833186753375,0.915453073232759,0.9094141884573868,0.0913053667569752
584,584,585,2022-04-22,0.8706633653873087,0.9049863459665168,0.8829906701160166,0.9094140662127356,0.1762753149069544
585,585,586,2022-04-26,0.8607989158741424,0.8574384273703893,0.8381162665372075,0.8279718221789791,0.1222038187302494
586,586,587,2022-04-27,0.8329561094895702,0.834291352577586,0.8382753098342439,0.8389069163193545,0.0844455156099208
587,587,588,2022-04-28,0.8366155658006705,0.8426477974104615,0.8393892683582918,0.8455985579209349,0.0754090564814985
588,588,589,2022-04-29,0.8469571757065802,0.8396395929213266,0.8513240178871551,0.8408656491907938,0.1139952468165001
589,589,590,2022-05-02,0.8324789490968266,0.8256007797273498,0.8336606857035942,0.8294407902748036,0.0562940512386727
590,590,591,2022-05-03,0.8211826095276299,0.8192498418556001,0.8225215925041545,0.8155677666597019,0.0527294335378778
591,591,592,2022-05-04,0.8326380025610746,0.8277734330632956,0.8257041654700124,0.8310727886567653,0.0683536003346579
592,592,593,2022-05-05,0.8442523127661669,0.8376338453500564,0.8357293055392032,0.8274822043727819,0.0856290428257382
593,593,594,2022-05-06,0.8234100394900995,0.8137346171990404,0.8223624446333304,0.8219329923984613,0.1250930263428529
594,594,595,2022-05-09,0.8275467924865435,0.8162416332480028,0.8263407363722719,0.8160574692194189,0.0658899130742417
595,595,596,2022-05-10,0.8122728896777506,0.8078852267173297,0.8062905725350369,0.8082233945400117,0.1534792047172176
596,596,597,2022-05-11,0.8092499198088418,0.8103920399254197,0.8129738335807628,0.8051222278186436,0.0807413171564419
597,597,598,2022-05-12,0.8194323399579034,0.818414004316873,0.8016756252033139,0.7894539253955069,0.1535872343414479
598,598,599,2022-05-13,0.8215008527487254,0.8123976482944409,0.8216464718653591,0.8183424156110106,0.1527688844450717
599,599,600,2022-05-16,0.8382065093209489,0.8319515900064892,0.8357293251541853,0.8278085913715221,0.0807097660279882
600,600,601,2022-05-17,0.8666858021477127,0.8593605677304542,0.8559386868919852,0.8436401202721473,0.1077780549665045
601,601,602,2022-05-18,0.8615945920731817,0.8620345867904867,0.8601556310078462,0.8669793103475099,0.103368454857863
602,602,603,2022-05-19,0.8456842028221975,0.8389708028033344,0.8492551378130064,0.8361322646054925,0.1615888644430959
603,603,604,2022-05-20,0.8584122961548247,0.8553492598632578,0.8554611752995656,0.8441295837740133,0.1510935555140605
604,604,605,2022-05-23,0.8568214889271465,0.8598619726306932,0.8584848454536946,0.8646943678379109,0.0675290721754857
605,605,606,2022-05-24,0.866208369169769,0.8688868074300654,0.8635768959220715,0.8465778932269572,0.0848517213929787
606,606,607,2022-05-25,0.8833913224273359,0.8907804084128516,0.8853773934598437,0.8718754215050646,0.1232858544834363
607,607,608,2022-05-26,0.8716179587579956,0.8907805501318585,0.8821949992494356,0.884279612638623,0.0926011823995329
608,608,609,2022-05-27,0.8907100987569366,0.8866023350140751,0.8955618554956248,0.8899919404158285,0.0666382026701732
609,609,610,2022-05-30,0.8895963156294019,0.8879393064766571,0.8958799842957061,0.893092907326346,0.0925809680833943
610,610,611,2022-05-31,0.8545940589646767,0.8789144910095842,0.8669186363370736,0.8815050435394669,0.2304307274880449
611,611,612,2022-06-01,0.8919829353487195,0.8817556128185217,0.877102852795844,0.8604508213273296,0.1015793379217631
612,612,613,2022-06-02,0.8717770122222436,0.8658784892007493,0.8732837448288984,0.8712227397308123,0.0716784054659511
613,613,614,2022-06-03,0.8679585024468953,0.8765746650490603,0.8721698681996877,0.8801992786086765,0.0792543952491438
614,614,615,2022-06-06,0.8596852690392075,0.858859060531839,0.8681916539999825,0.8620828771080045,0.0426328325001576
615,615,616,2022-06-07,0.8164095063815945,0.8416448733544369,0.8266589726568501,0.845761733513539,0.11701935649734
616,616,617,2022-06-08,0.7449728304109133,0.8180799310382546,0.7572788023661465,0.8180159309334445,0.2747480063555729
617,617,618,2022-06-09,0.7048793636716573,0.70794305731845,0.6813745532786142,0.7135612644754288,0.3978407151477147
618,618,619,2022-06-10,0.6862643840654599,0.7178035434312318,0.6972873323908715,0.6858153752296541,0.2501210909516462
619,619,620,2022-06-14,0.6452159150777166,0.6225405522809988,0.6135855059560171,0.6107381288753082,0.3981928161439566
620,620,621,2022-06-15,0.6359880882993416,0.6344067031612441,0.6374548025742897,0.6237950225271465,0.2465334397274174
621,621,622,2022-06-16,0.6336016048726241,0.6504510062266413,0.6384096030692386,0.6530098350298108,0.2910693571181655
622,622,623,2022-06-17,0.5825297692000668,0.5765803262470579,0.5903525852071931,0.5870724750250491,0.527010315239561
623,623,624,2022-06-20,0.5871439551744544,0.5919563944819017,0.5973543880084811,0.5797282682823612,0.1888685939287591
624,624,625,2022-06-21,0.6208733752473967,0.5973043916057603,0.6062656067051235,0.589194321688141,0.126440367497467
625,625,626,2022-06-22,0.6192825680197185,0.6178612091068381,0.624406460705665,0.6285283704933255,0.1793604274350138
626,626,627,2022-06-23,0.6221463481317795,0.6115103465944642,0.630135049940231,0.6092694340380804,0.1592834726731537
627,627,628,2022-06-24,0.6286697208475411,0.6083350311038618,0.619155265436854,0.6050260629916591,0.1445653511145736
628,628,629,2022-06-27,0.6856278976232684,0.6659939494675702,0.6616424568451043,0.6481135329858465,0.1524029273448891
629,629,630,2022-06-28,0.6824457379975115,0.6743501453433773,0.6877393935926746,0.6807555113173795,0.1281020202739393
630,630,631,2022-06-29,0.673854397661328,0.6609800678253885,0.673895437121887,0.6694942269278719,0.1224441711479566
631,631,632,2022-06-30,0.6321698511091935,0.6427633951842309,0.6444566776259477,0.654805399691436,0.2082212523482647
632,632,633,2022-07-01,0.6372610611837246,0.6277218413111938,0.6417514753777558,0.6314662068662071,0.1486224903281695
633,633,634,2022-07-04,0.6491936146099127,0.6427632649784991,0.6581416407648626,0.6455022627049951,0.105713555462475
634,634,635,2022-07-05,0.6456934843482602,0.6370808680472886,0.6476392114332616,0.633914318731917,0.093419532295909
635,635,636,2022-07-06,0.6579441447029439,0.6436822218973122,0.6433425460024527,0.6257536553669993,0.1491812932039769
636,636,637,2022-07-07,0.6751273705457108,0.6539608763234361,0.6635521702706169,0.6521939311208811,0.1252531213273451
637,637,638,2022-07-08,0.6673310249455666,0.6693362952829338,0.6762821298776247,0.6809187839927593,0.1232645604708868
638,638,639,2022-07-11,0.6666949473811752,0.6648241440670317,0.6727816209588164,0.6645979368506394,0.0692743414406737
639,639,640,2022-07-12,0.6838777643461422,0.667330868844638,0.6773961671450079,0.6637817489536391,0.1390813930938898
640,640,641,2022-07-13,0.6997878810119262,0.6798653740410243,0.6875803396618507,0.6768386002596296,0.1612250067526013
641,641,642,2022-07-14,0.6773546642155805,0.6751858951774612,0.6871030410810066,0.6734112593197605,0.1324494178726825
642,642,643,2022-07-15,0.6781500678294199,0.6571360520763496,0.6598920039219629,0.6557844319349293,0.1425768502412491
643,643,644,2022-07-18,0.6935827515172603,0.6758541686355592,0.6859889080068824,0.6859781887771574,0.0898985223334902
644,644,645,2022-07-19,0.7048793636716573,0.6858822197109382,0.6977649205155427,0.6869579488434732,0.082025196155345
645,645,646,2022-07-20,0.7219029908797763,0.7087784733004565,0.7259304051147961,0.7135609988668961,0.0854614499495032
646,646,647,2022-07-21,0.7473593138376311,0.7306720855678321,0.7249756171226982,0.7168251084070492,0.1385399853269258
647,647,648,2022-07-22,0.7502232302422923,0.7425382117001449,0.7482084802410096,0.7355944531884544,0.2492140260001692
648,648,649,2022-07-25,0.7386086474519997,0.7341817263691799,0.7474126872354918,0.7442445000538236,0.0792869660908745
649,649,650,2022-07-26,0.7331994667415731,0.7244886578495155,0.7407295286004656,0.7346153522610497,0.0551141829940257
650,650,651,2022-07-27,0.767724426720955,0.7590839615441017,0.7412068021468667,0.721884834917552,0.1122037305550425
651,651,652,2022-07-28,0.7834753536298912,0.7729553334197071,0.783375836884979,0.7703583397601796,0.1769949325648614
652,652,653,2022-07-29,0.7974762835543013,0.792425730154633,0.7991295690080775,0.7837416374532307,0.1662742670016045
653,653,654,2022-08-01,0.8024087127497844,0.7876628628712837,0.783057719007189,0.7899437982819586,0.1214089822223787
654,654,655,2022-08-02,0.8165686961384425,0.8075508904168293,0.8043809744663661,0.7950032271077065,0.0932682548321063
655,655,656,2022-08-03,0.792703316700866,0.792175062723954,0.8013573748178826,0.7992466240187799,0.1002229393139237
656,656,657,2022-08-04,0.813863969490629,0.802871311575149,0.8113826537001982,0.7963089170248154,0.093954761800077
657,657,658,2022-08-05,0.8076589762885632,0.8023699132365943,0.8155198802376014,0.804795787686353,0.0720309263441305
658,658,659,2022-08-08,0.8265920628232565,0.8179128451020273,0.8139286754909292,0.7964721879498442,0.0786915735033623
659,659,660,2022-08-09,0.8055904634977412,0.8083863968975319,0.8093137565033244,0.814588417677715,0.1366668920033065
660,660,661,2022-08-10,0.8011358761580017,0.7971891371407466,0.7984932364387753,0.799736427569731,0.1517462319944878
661,661,662,2022-08-11,0.7987493927312842,0.8057127514185406,0.800402892495437,0.8016950714380229,0.1424400886958605
662,662,663,2022-08-12,0.7906350764952442,0.7754624746440207,0.788945509965645,0.7812936283887482,0.1422274484860347
663,663,664,2022-08-15,0.7925443995292184,0.78732857901087,0.8000846549702345,0.7858635700352894,0.0691809477011254
664,664,665,2022-08-16,0.8084545161950024,0.7988603590417566,0.8062906071839415,0.7967986007996688,0.098282544914021
665,665,666,2022-08-17,0.8126786327480727,0.8127862100953006,0.8249960960422873,0.8200068910917142,0.1829314633311405
666,666,667,2022-08-18,0.8349361683829656,0.8235377225139154,0.8259709969048681,0.8128404818445678,0.1476167531213573
667,667,668,2022-08-19,0.8180398384632849,0.8237084032280647,0.8238586308931917,0.830839808030164,0.1832521931483305
668,668,669,2022-08-22,0.8019559487324485,0.8015227560390087,0.8118341872592372,0.8018408821776652,0.0867482681219694
669,669,670,2022-08-23,0.7704380123877709,0.7824943036958004,0.7827483064103633,0.788341650602445,0.1201919844178214
670,670,671,2022-08-24,0.7733620338290502,0.7713157376583252,0.7850229652640439,0.7675087589502809,0.1082426243388884
671,671,672,2022-08-25,0.7834350110202791,0.7716572763976984,0.7767359761903492,0.7721753682544923,0.0813356900306771
672,672,673,2022-08-26,0.791395861788673,0.7827501990626619,0.792985304185593,0.783341708726091,0.0938563894604115
673,673,674,2022-08-29,0.7584156421381557,0.7493009227238803,0.7599994866897084,0.7555095122985378,0.105398044177938
674,674,675,2022-08-30,0.7628022194704748,0.7590284969830191,0.771373846537073,0.7535096370313286,0.0889776612612065
675,675,676,2022-08-31,0.7777487474539692,0.7617589378249469,0.766986447900315,0.7560092659473718,0.1539346566532422
676,676,677,2022-09-01,0.7546789079228321,0.753055332397477,0.7442376211484045,0.7445098738681435,0.1726303797898107
677,677,678,2022-09-02,0.769300514347829,0.7605643097341893,0.7671488372624342,0.7483428943021138,0.1099280904195358
678,678,679,2022-09-05,0.7621522400608794,0.7619297006755791,0.7646303067835765,0.7713421739031909,0.0967228034821169
679,679,680,2022-09-06,0.7556536725983253,0.7477649367247279,0.7679614573550309,0.7503429769670171,0.0795345764677887
680,680,681,2022-09-07,0.7229982382137057,0.7464848579392818,0.7344880948933581,0.7468430758961726,0.1514999412465203
681,681,682,2022-09-08,0.7410316572955282,0.730869443766134,0.7312380396413736,0.724510385087076,0.1410256264143648
682,682,683,2022-09-09,0.7462306748166916,0.7586871254746529,0.7392002716499984,0.7428431557550368,0.1607255871793969
683,683,684,2022-09-12,0.7584156421381557,0.7486182675540178,0.760161889452061,0.7466765363269037,0.0747211099183131
684,684,685,2022-09-13,0.7853845403712653,0.7721691421418414,0.7781982573587629,0.7633423033860618,0.1195210730646756
685,685,686,2022-09-14,0.7288469625592644,0.731210851448064,0.7406627413773668,0.7405098981272003,0.1564384126471319
686,686,687,2022-09-15,0.7385947456067956,0.7254082870468346,0.7444000542470315,0.727510356367473,0.1807771690755993
687,687,688,2022-09-16,0.7251103646365409,0.7243844461327036,0.7344067790126179,0.7225106983450666,0.3376965864738153
688,688,689,2022-09-19,0.7320963144368415,0.7201179221897258,0.7377378692484076,0.7175108123870284,0.0673857124853633
689,689,690,2022-09-20,0.7624770253267771,0.7503247304055459,0.7606492436671408,0.7458429514405558,0.122283356365857
690,690,691,2022-09-21,0.7449308522901008,0.7414503600646509,0.7512246924704504,0.7513427863299851,0.0957537159701435
691,691,692,2022-09-23,0.7155249060756586,0.7177287294975891,0.7239261065188587,0.7220106183523993,0.1421281164162261
692,692,693,2022-09-26,0.7150373874453118,0.7021985958019183,0.7057268138909509,0.6900117252302298,0.1153854759118831
693,693,694,2022-09-27,0.7121130934188324,0.7083423055380138,0.7170200725229483,0.7123443412058073,0.1414847973046938
694,694,695,2022-09-28,0.6976539477730845,0.6854741346103588,0.6977649871171219,0.6883454022890609,0.1249537455058386
695,695,696,2022-09-29,0.707076809262118,0.7057825897130137,0.7193763493310128,0.7105111437387464,0.1045817337081159
696,696,697,2022-09-30,0.6677603466356956,0.6893992841131575,0.6729036495764522,0.7003448814909856,0.2033913504200888
697,697,698,2022-10-03,0.666298199622456,0.6576565089124493,0.6631541274360533,0.6658461778537137,0.1012164399614116
698,698,699,2022-10-04,0.7342083045670766,0.7173874290246582,0.6993897435651235,0.6800122443550223,0.1607507201125187
699,699,700,2022-10-05,0.7748245897200899,0.7639776872254428,0.7627618249132915,0.7465098441214548,0.2111039817824024
700,700,701,2022-10-06,0.7681632888930868,0.7551032209744594,0.7673113843705757,0.7566759295866747,0.1022841397455863
701,701,702,2022-10-07,0.7606898204624396,0.7491300256551288,0.7481372054479296,0.7298434922721373,0.1262349852468483
702,702,703,2022-10-10,0.7369700015217069,0.7289921270190027,0.7408250864633812,0.7360099381112168,0.0822425750327523
703,703,704,2022-10-11,0.7213734941286172,0.727456186052444,0.7309131265726785,0.7350100809122482,0.0978464675302598
704,704,705,2022-10-12,0.7585779666248046,0.7511780073449733,0.7361129688226993,0.7175108070714982,0.138686524123147
705,705,706,2022-10-13,0.7884714314695936,0.7936723515499838,0.7817732506954014,0.7700088941796,0.1781739010624992
706,706,707,2022-10-14,0.8009813203495554,0.8040826757379685,0.8124842886503991,0.8093407941816531,0.1177333357406564
707,707,708,2022-10-17,0.787821315767398,0.7858217555361794,0.7972910247914333,0.792174493141782,0.0749689002446292
708,708,709,2022-10-18,0.8152778689234542,0.8049357348305849,0.8092342232652836,0.8045073461242223,0.1272700542061583
709,709,710,2022-10-19,0.8266506686412741,0.8185888030037157,0.8311708322891183,0.818340400890808,0.119179169201204
710,710,711,2022-10-20,0.8313618949468907,0.8193566010963321,0.8240210124745992,0.8098405548132057,0.1570997866819807
711,711,712,2022-10-21,0.8071546936684116,0.8131275133456842,0.804846915214142,0.8133403672866657,0.1680353718141533
712,712,713,2022-10-24,0.8266506686412741,0.8250738313522786,0.8269460053079642,0.8316731482810376,0.07658214663201
713,713,714,2022-10-25,0.847770978821425,0.8377026338497057,0.8423828284434296,0.8383395935846285,0.0931004820064694
714,714,715,2022-10-26,0.8513451159648996,0.8487954458204922,0.8571694370660077,0.8466725055338764,0.0938481117879274
715,715,716,2022-10-27,0.8581686049859515,0.865520183481835,0.8277584370083628,0.8666717023430186,0.1487289603909173
716,716,717,2022-10-28,0.8711658762036597,0.8653495581476428,0.8769935610637634,0.8663385067977738,0.1245215070426497
717,717,718,2022-10-31,0.8948856951443923,0.8902659117056219,0.893161586707953,0.8836712195912806,0.1639624570363305
718,718,719,2022-11-01,0.9171432307792852,0.9081851069057526,0.893242654032459,0.8925040562810014,0.1366142268117051
719,719,720,2022-11-02,0.9158436808378944,0.9209848032103144,0.9159917524946012,0.9143367132151934,0.1033565781973424
720,720,721,2022-11-03,0.8919611285327128,0.88855912621977,0.89551746555614,0.892670683395439,0.1075296048257151
721,721,722,2022-11-04,0.8684040429564294,0.8730292346892125,0.8722813101634497,0.8761714366184437,0.1461796172152314
722,722,723,2022-11-07,0.8688912890015758,0.8730290996421769,0.8717937272210252,0.8796712828989866,0.0819624537972413
723,723,724,2022-11-08,0.8916363432668152,0.8873646062775046,0.8847931465728758,0.872338199709209,0.0913008680219296
724,724,725,2022-11-09,0.896347569572432,0.8945321489883759,0.892430034732117,0.8883374358555409,0.0983352700887564
725,725,726,2022-11-10,0.8844879326872658,0.8976042400616641,0.8937301959822597,0.9038370500102172,0.1033204083675752
726,726,727,2022-11-11,0.9132440357847126,0.9141582187483824,0.9119292987967558,0.9200030702900696,0.1819798309111444
727,727,728,2022-11-14,0.9017091841654442,0.898628222223944,0.8946239675663865,0.9048370341659842,0.0940826458416422
728,728,729,2022-11-15,0.924129316872186,0.9320775009590831,0.9210288808409576,0.9100035499857528,0.1245828098055388
729,729,730,2022-11-16,0.8932610873519039,0.8982869591803387,0.8867430944886732,0.8998373009379672,0.155416659943557
730,730,731,2022-11-17,0.9104822025374822,0.9059665218948642,0.9124167870641576,0.9120033537284776,0.1382289727774344
731,731,732,2022-11-18,0.9134066328565617,0.9112571355515016,0.9150167838581408,0.9058370714544688,0.1606206766781316
732,732,733,2022-11-21,0.9257539246646744,0.9265310947472536,0.9322408574104116,0.923336285199954,0.1449094743540011
733,733,734,2022-11-22,0.9407004526481688,0.9392451226917794,0.9389027964454352,0.9256693458015576,0.1226593906325419
734,734,735,2022-11-23,0.9499609896505536,0.9464128791844996,0.9569394874270508,0.9466686482522448,0.0949106530225831
735,735,736,2022-11-24,0.9489862249750604,0.9469248191936088,0.9541771354797536,0.947835246891494,0.0804467399856508
736,736,737,2022-11-25,0.968319466583474,0.9619429026091524,0.9598643894749042,0.950001845349188,0.1087362855312343
737,737,738,2022-11-28,0.9566222904775564,0.9595538424029064,0.9632768647740256,0.959168375155494,0.0946721000988942
738,738,739,2022-11-29,0.9502859112090511,0.948802156623014,0.9532022878846927,0.9510018997831944,0.0779903706675756
739,739,740,2022-11-30,0.9465493132863276,0.9535806274344706,0.9519023365794664,0.953001756842524,0.3335756252057046
740,740,741,2022-12-01,0.9556472532168632,0.9583590528163942,0.962464313247871,0.9546684322167076,0.0611425479383706
741,741,742,2022-12-02,0.931764973496882,0.9482901949339624,0.9354905923598472,0.9533351307964804,0.1860118371916184
742,742,743,2022-12-05,0.9316025127176332,0.936514531935438,0.9432901774620432,0.9355023969164262,0.0649471581580691
743,743,744,2022-12-06,0.9234792011699904,0.9371970907343744,0.9338655215796394,0.9221694307177726,0.0999251230538997
744,744,745,2022-12-07,0.9090200555242426,0.913134176973134,0.905429599481966,0.9058369770200544,0.1531112681736149
745,745,746,2022-12-08,0.9057708399392655,0.9071612634197356,0.910792012092242,0.9123368701137552,0.0886691680033408
746,746,747,2022-12-09,0.8997596548144579,0.901870764096636,0.904779683093264,0.9016705385157344,0.1022144393439452
747,747,748,2022-12-12,0.9064204104710608,0.8984573855973944,0.9060794287937082,0.8966704521878217,0.0601543258066696
748,748,749,2022-12-13,0.9234792011699904,0.927810746961545,0.9270408879105264,0.9188362761526184,0.138682385286905
749,749,750,2022-12-14,0.9312777274517352,0.9254218391576672,0.9260661525896878,0.923669750168654,0.0964901289055543
750,750,751,2022-12-15,0.9293281981007492,0.936173457362859,0.9322408932816104,0.925002899663114,0.1135934797853539
751,751,752,2022-12-16,0.9160061416171432,0.9122810723819224,0.9150168019835632,0.9143366738247468,0.2884621902013591
752,752,753,2022-12-19,0.9103196054656334,0.9032359286918552,0.9083543897904358,0.8966705375999111,0.0471492625703504
753,753,754,2022-12-20,0.9054457820881676,0.9092090346800432,0.9112792854699748,0.9101700156987762,0.0786611020713196
754,754,755,2022-12-21,0.8956979990406365,0.9121102825938188,0.90802955276207,0.9135033575880208,0.1160413914815432
755,755,756,2022-12-22,0.9101572809789844,0.90920905122801,0.917616479175041,0.902503673892211,0.0667236786360411
756,756,757,2022-12-23,0.8971600097612763,0.8895830697811083,0.8995797900312126,0.8916706606875082,0.061010944942501
757,757,758,2022-12-28,0.8692160742674734,0.8825860456662377,0.876018465160534,0.8870041564700915,0.0789367845549188
758,758,759,2022-12-29,0.8526449384914906,0.8615950179271487,0.8612318142988018,0.8656718482316601,0.0820751021227851
759,759,760,2022-12-30,0.8610930353050309,0.8586938321316021,0.8726063300517073,0.855838952657834,0.0711993801582871
760,760,761,2023-01-03,0.8359112056436587,0.8714934126154371,0.8345832181674135,0.8755049602751603,0.081538912888474
761,761,762,2023-01-04,0.8698659173844688,0.8610828366318896,0.8483947234354774,0.8383393565775215,0.1155035827026156
762,762,763,2023-01-05,0.8727904839961483,0.8851460231747582,0.8833307277442255,0.872671540123859,0.080554829593015
763,763,764,2023-01-06,0.8705160330866645,0.8658615480354234,0.8721187805158945,0.8613386772663902,0.1259387285483068
764,764,765,2023-01-09,0.8727904839961483,0.8780637530774765,0.8843056401209006,0.8780046644308228,0.0418752455184651
765,765,766,2023-01-10,0.8727904839961483,0.8740532356759892,0.8734187053428162,0.8601720181089394,0.0434913710962751
766,766,767,2023-01-11,0.8762021603603741,0.8711518536919286,0.879918348890725,0.8750047104892311,0.0444899703101482
767,767,768,2023-01-12,0.9030088703994348,0.8962389322649998,0.8927552858791961,0.8850044850684449,0.1041886042482574
768,768,769,2023-01-13,0.9244539658454834,0.9254215383600828,0.9220035697540324,0.9075033908012962,0.0947059905695716
769,769,770,2023-01-16,0.938263540959436,0.9344666209379808,0.9340281896936062,0.9248362016256442,0.0539868599747123
770,770,771,2023-01-17,0.9397256879726756,0.9406102837580786,0.9462149926998442,0.9350023895275076,0.118647058820001
771,771,772,2023-01-18,0.9431375006295016,0.9414637139233376,0.942802750035762,0.9393355418013524,0.0843044952620222
772,772,773,2023-01-19,0.9608462707380266,0.9556287317283976,0.9486526764874514,0.9505020892149376,0.1107089508571979
773,773,774,2023-01-20,0.959546448211436,0.9610896304113382,0.967338958504022,0.9583348101552138,0.203371376036486
774,774,775,2023-01-23,0.9587342806077916,0.9604071907198348,0.9676642156595934,0.9633348796348018,0.1215822135132043
775,775,776,2023-01-24,0.9496360680920558,0.9506793258770936,0.9506022624480552,0.9533350364177124,0.068628383071248
776,776,777,2023-01-25,0.9623084177512664,0.9619429613014512,0.9577520932344996,0.94683544303419,0.076185358200981
777,777,778,2023-01-27,0.9788796898198494,0.9747424037118372,0.97660105641716,0.971667744488354,0.1101061803442108
778,778,779,2023-01-30,0.9774174065140095,0.9773021560682724,0.9869191706391188,0.9750007323497948,0.0668728566901558
779,779,780,2023-01-31,0.9822915024766752,0.9832754756143316,0.9874881890966394,0.9776676013641268,0.0836581769937929
780,780,781,2023-02-01,0.983753649489915,0.9894191386084392,0.9871630387570542,0.9881670540402868,0.1011586162202911
781,781,782,2023-02-02,0.9769302967614631,0.984982206530456,0.9892756376006496,0.9891672298225234,0.1149579761162756
782,782,783,2023-02-03,1.0,1.0,0.9904128620673962,0.9783340646314428,0.1281618834416139
783,783,784,2023-02-06,0.993501568830046,0.999146828624754,1.0,1.0,0.0584994511243328
784,784,785,2023-02-07,0.9861905611786478,0.9933442887086388,0.9928501547402706,0.994333448449838,0.0753160226407538
785,785,786,2023-02-08,0.9865156190297454,0.9873714132014874,0.996100252303684,0.9866672792826487,0.0681280037679005
786,786,787,2023-02-09,0.984728414165408,0.985835315811666,0.9870005297234812,0.9835006045906004,0.0616501852009252
787,787,788,2023-02-10,0.9805042976123378,0.9788383219384144,0.9865130668733462,0.977500817168656,0.0699186802654829
788,788,789,2023-02-13,0.9699440743759624,0.9738890280727044,0.977900876326396,0.9776673743088836,0.0720738142848993
789,789,790,2023-02-14,0.9691320430649184,0.9824223819991236,0.978876128503267,0.9851673883571564,0.0816871312124457
790,790,791,2023-02-15,0.8675916027675851,0.9098917563803351,0.8649691513835036,0.8818378819248187,0.4061920469202469
791,791,792,2023-02-16,0.843221940709857,0.861424288642021,0.8534322365082163,0.8526723337181394,0.2642880874755636
792,792,793,2023-02-17,0.8346112468244679,0.8487953892825842,0.8417326937080525,0.8333395772601897,0.2207351137007296
793,793,794,2023-02-20,0.8550818501802234,0.8457235607895964,0.8470950102081296,0.8300064746872169,0.0748008874864565
794,794,795,2023-02-21,0.8435467259757546,0.8426516348493761,0.8506696893972634,0.847172421768084,0.0894984348300944
795,795,796,2023-02-22,0.8398972190244572,0.8435976794874517,0.8399409424509001,0.826419922101364,0.1796564442010195
796,796,797,2023-02-23,0.8515098937183493,0.8510909289860505,0.8565332404049864,0.839353552097954,0.1209441129343251
797,797,798,2023-02-24,0.873408025766934,0.8634635481180367,0.8606812022875006,0.8449693941679377,0.1513354674932502
798,798,799,2023-02-27,0.8762283285395821,0.871479809912275,0.8776056438328448,0.8672631080442772,0.0914619227365649
799,799,800,2023-02-28,0.8646156538456901,0.870782735915253,0.8731256189316305,0.8693053220710534,0.229797485543015
800,800,801,2023-03-01,0.837408788732909,0.8474314271297226,0.8497304493425042,0.8476924022535259,0.1342886807087583
801,801,802,2023-03-02,0.8045610454896318,0.8340126936794136,0.8168771310297442,0.8359497562827494,0.217322193345675
802,802,803,2023-03-03,0.8158421202876239,0.8081345335336835,0.8188684038832466,0.8025945243704697,0.1490361340198363
803,803,804,2023-03-06,0.8299433615656643,0.8275652404601693,0.833967542879325,0.8177406863475125,0.0830112588942241
804,804,805,2023-03-07,0.8349203584413608,0.8279137782838878,0.8347972778765567,0.8289726019875032,0.1266035816049243
805,805,806,2023-03-08,0.8267913226045164,0.822511445187747,0.8294875451870192,0.8204634061677993,0.0906740442722315
806,806,807,2023-03-09,0.8319340512818628,0.8279135962171348,0.8392770050512219,0.8282916870698689,0.1049921982936837
807,807,808,2023-03-10,0.7786815340086498,0.7906210932413086,0.7863473685570441,0.7942556869101516,0.1828821571950399
808,808,809,2023-03-13,0.7722115879921042,0.7826049267291967,0.7805399100337942,0.7804710928679108,0.1308401903552759
809,809,810,2023-03-14,0.7748657500853023,0.7587305090801827,0.7501757626511281,0.731799328479531,0.2611213978853426
810,810,811,2023-03-15,0.776856576094101,0.7881813020270269,0.7765576821715809,0.7838745674974252,0.1686505588358665
811,811,812,2023-03-16,0.7751977588590021,0.7738917334591228,0.7551535564570948,0.7464350146981154,0.3681592609789979
812,812,813,2023-03-17,0.7942755881349389,0.7822562353644297,0.788172327730396,0.784385217966149,0.3659665775177335
813,813,814,2023-03-20,0.7881375145994932,0.790969466975786,0.783526469763804,0.7668565110556189,0.1037212156685783
814,814,815,2023-03-21,0.795436801087288,0.7977657184122572,0.8032714395169587,0.7957872285155172,0.1124323862616309
815,815,816,2023-03-22,0.805722531027181,0.8193747633534746,0.8180388136999406,0.8128054166397853,0.1523004761521155
816,816,817,2023-03-23,0.8038975731126322,0.7956746669496936,0.806589910121339,0.7935748358575188,0.0929922124497034
817,817,818,2023-03-24,0.7841559988744958,0.7850446198065196,0.7883383686726957,0.7811518296269364,0.1448452924006827
818,818,819,2023-03-27,0.7713819749356549,0.7799908432137829,0.7831946767202751,0.7876185605171147,0.1013873918931475
819,819,820,2023-03-28,0.7878056421183933,0.7813849824326516,0.7908271672375076,0.7736637499938337,0.0938498512988118
820,820,821,2023-03-29,0.7924507665129902,0.7772025929625849,0.7800421203191756,0.7687285533257524,0.1061818437891633
821,821,822,2023-03-30,0.8158421202876239,0.8052591512934472,0.8158817625995929,0.8070191255614425,0.1356088495036965
822,822,823,2023-03-31,0.8252982371710674,0.8197231949739007,0.8308150143470932,0.8204634524291259,0.1318940940186438
823,823,824,2023-04-03,0.8410582956842064,0.8409834811146791,0.8414341369626221,0.8245477306918232,0.1094291507114029
824,824,825,2023-04-04,0.8362473031953598,0.838543662423321,0.8406043481574215,0.8442886173022746,0.0736128615355934
825,825,826,2023-04-05,0.8375745205345589,0.8338385965073142,0.8434251740418637,0.8262496681891129,0.0710704764034448
826,826,827,2023-04-06,0.8367450437707095,0.8319217316080357,0.8377006957084343,0.8383323986333773,0.0857655644385911
827,827,828,2023-04-11,0.8491871952284508,0.842725995877326,0.8560353250434396,0.8436078989081184,0.0881980604693572
828,828,829,2023-04-12,0.8403948233072068,0.847257018896637,0.84359110703543,0.8544995474593597,0.0783012632507991
829,829,830,2023-04-13,0.8236392836433685,0.8320959484543059,0.8356266878645053,0.8356094940204473,0.079070966825548
830,830,831,2023-04-14,0.8384039972984082,0.8284363784320329,0.8356266607186147,0.8182511054415835,0.0600933829425842
831,831,832,2023-04-17,0.848855459039951,0.8493482705849144,0.8583583807336486,0.8485432810864331,0.1024918013552949
832,832,833,2023-04-18,0.8432149897872551,0.8343614353346701,0.8508917775661751,0.8335673730442927,0.0898646318628128
833,833,834,2023-04-19,0.8427173855045053,0.8352327457872392,0.8500621692777759,0.8379920395607516,0.0379263758616352
834,834,835,2023-04-20,0.8684311651838376,0.8638120950095353,0.8613449857888511,0.8478625058883849,0.125780193125297
835,835,836,2023-04-21,0.8498509401906503,0.8516136825807813,0.8439229446695606,0.8570523287848504,0.1639893894634706
836,836,837,2023-04-24,0.8549936688679968,0.8545761393965804,0.8661568494416703,0.8562013642525867,0.039076252539311
837,837,838,2023-04-26,0.8513438893314994,0.8462114636845385,0.8525510216196579,0.8485432438371661,0.1027298144307783
838,838,839,2023-04-27,0.8382379929115583,0.8409833753496875,0.8454161837255061,0.8478624118946945,0.0643542248790485
839,839,840,2023-04-28,0.8425513811176554,0.8451657471159054,0.8517213136223369,0.8413956539529455,0.1510682426315368
840,840,841,2023-05-01,0.8604682700264431,0.8514393707397835,0.8585243495564783,0.8478625526337189,0.0672323955950066
841,841,842,2023-05-02,0.8548276644811469,0.8575385290107224,0.8590220295024453,0.8619874959199416,0.1097094518963158
842,842,843,2023-05-03,0.8248006328883178,0.8216401838569926,0.8311468706165603,0.8281217216406909,0.1076795626605711
843,843,844,2023-05-04,0.7828287815352969,0.792886320631253,0.7795442605662479,0.7794499010006031,0.1584516265716406
844,844,845,2023-05-05,0.7889669913633427,0.7796424489907235,0.772077854603634,0.7736638334064907,0.1469054131359344
845,845,846,2023-05-08,0.8053907948386813,0.7981144572612812,0.8042670714530586,0.7974891394031094,0.1105137657393494
846,846,847,2023-05-09,0.8090403017899787,0.8022966650259472,0.7899974777470304,0.790681788072009,0.1232956317342689
847,847,848,2023-05-10,0.8175010738153229,0.803516550624863,0.8105722100131669,0.796468032023266,0.1213098301019719
848,848,849,2023-05-11,0.825795841453817,0.8211172766340548,0.8304001150082805,0.8286321111978643,0.1032865778800317
849,849,850,2023-05-12,0.83591556700686,0.8266937968883435,0.8382815452099284,0.8289724713412796,0.0939151129485411
850,850,851,2023-05-15,0.8282844080379653,0.819200460611042,0.8351289896229903,0.8235267451366997,0.0562693981706223
851,851,852,2023-05-16,0.8131878219018257,0.8225115508192687,0.8255053716179566,0.8196126837368174,0.1254035590272727
852,852,853,2023-05-17,0.805722531027181,0.7939321430053582,0.799289419830354,0.7993611357922079,0.1077617995372061
853,853,854,2023-05-18,0.819989367814271,0.8134494469618173,0.8283259261166755,0.8208036805613126,0.1060600180441263
854,854,855,2023-05-19,0.8498509401906503,0.8387181371061948,0.843425192198598,0.8281216834934975,0.1622829892690773
855,855,856,2023-05-22,0.8349203584413608,0.8374983867087583,0.842263818536459,0.8432678383390946,0.0615092848192945
856,856,857,2023-05-23,0.8438787347494546,0.8397637496433005,0.8435912151589122,0.8298235282862609,0.1521082302078301
857,857,858,2023-05-24,0.8520074980010989,0.8406350106218209,0.8462458286868315,0.8349287559301208,0.0880345464462302
858,858,859,2023-05-25,0.8153445160048743,0.835232756036227,0.8272475958445626,0.8383324833915464,0.1506550788049416
859,859,860,2023-05-26,0.8226440750778693,0.8179806908201083,0.8288239869218421,0.8111037108534667,0.0943405133344606
860,860,861,2023-05-29,0.846035292559903,0.8355813873779089,0.8464118515052323,0.837651772417324,0.0707562847478546
861,861,862,2023-05-30,0.8395653465433576,0.83575554704434,0.8444208328873481,0.8349288119365772,0.0760183051729514
862,862,863,2023-05-31,0.7997503255859851,0.8235571458420204,0.8120655946286743,0.8296533238741315,0.694667973259279
863,863,864,2023-06-01,0.8000820617744849,0.79950853910023,0.8041011753043179,0.7893203499531878,0.1055308468364865
864,864,865,2023-06-02,0.8019070196890336,0.7989857297119037,0.8034375534861855,0.800892727195698,0.133096695871055
865,865,866,2023-06-05,0.8116947364683768,0.8063048485818488,0.819366174409049,0.8070191441668793,0.1040740964455614
866,866,867,2023-06-06,0.7961005460494875,0.7920152408677429,0.8057604735456603,0.7954469444211563,0.1014302798339163
867,867,868,2023-06-07,0.7816675685829476,0.7887040650628457,0.7939797685372683,0.7932345412089017,0.1096323735691998
868,868,869,2023-06-08,0.7849854756383453,0.7709291699643525,0.7878405622094524,0.7738340042104219,0.1196981432760736
869,869,870,2023-06-09,0.7834925264974965,0.7733689219095706,0.792486475359504,0.7760463610771584,0.0736889801325663
870,870,871,2023-06-13,0.795436801087288,0.781733405429725,0.7974641167959544,0.7801306482025012,0.0973406297617236
871,871,872,2023-06-14,0.8095380423653283,0.7982885963907355,0.8090787362549159,0.7974889813831036,0.1572013381277452
872,872,873,2023-06-15,0.8198236360126211,0.8104871908844474,0.8225188023319505,0.8085508644619064,0.1491701963241975
873,873,874,2023-06-16,0.8423855130234056,0.8296562730589289,0.8333037762787561,0.8196126270928137,0.381026003108446
874,874,875,2023-06-19,0.8616296192713923,0.8552732999799625,0.8563673342778688,0.8427572965274848,0.1451924147968074
875,875,876,2023-06-20,0.8800439761703295,0.8753136340801749,0.8714663836838941,0.8621577506069746,0.1408575536730582
876,876,877,2023-06-21,0.8810393210284287,0.8843753455469229,0.8917920862955275,0.885982935301624,0.1345904558556225
877,877,878,2023-06-22,0.8544960645852472,0.8686915998333694,0.864995448478975,0.8742406593612688,0.117746292097588
878,878,879,2023-06-23,0.8284502761322151,0.8374982326615567,0.8323082447642101,0.8417359954556918,0.1439778763007417
879,879,880,2023-06-26,0.8188282911545218,0.8148437972235086,0.8238460912088281,0.8209739641627594,0.1324932055604605
880,880,881,2023-06-27,0.827123195085616,0.8282622208125322,0.8394431099771318,0.823867235057334,0.1073280015125347
881,881,882,2023-06-28,0.8455376882771534,0.8399380704138116,0.8427615610467531,0.8264198570474355,0.1224208976919869
882,882,883,2023-06-29,0.8543301964909974,0.8530079559327114,0.8621748299330365,0.8468416409630655,0.074553637008346
883,883,884,2023-06-30,0.857647967253795,0.8462115398225108,0.858109540300442,0.851266269469525,0.1351057109761877
884,884,885,2023-07-03,0.8687630376649372,0.8578871714889053,0.8618427475797135,0.8536487222830067,0.1078089462804848
885,885,886,2023-07-04,0.8909930421946218,0.8828070083610705,0.8724618792908612,0.8664122551815523,0.1102396428172326
886,886,887,2023-07-05,0.8826982745561275,0.8826327449151742,0.8887225463622312,0.8844513910629026,0.108298228704053
887,887,888,2023-07-06,0.8603024019321931,0.8664262068776355,0.8676501700996233,0.8665824549462822,0.1098668476397806
888,888,889,2023-07-07,0.8321000556687127,0.8308761399715298,0.839111244609424,0.8354394445432574,0.0999970428314966
889,889,890,2023-07-10,0.8286161442264651,0.8317475350848834,0.8376178782895103,0.8339077701684279,0.0480778014837788
890,890,891,2023-07-11,0.8468647693237524,0.834361483227542,0.844420787777203,0.8310146850897409,0.0865187726515058
891,891,892,2023-07-12,0.8390676059680079,0.8435974582621849,0.8513895481196643,0.8487134515406423,0.0848542406846043
892,892,893,2023-07-13,0.8634543046007409,0.8558830986035392,0.8606812199985194,0.8509257060067945,0.1692114611213619
893,893,894,2023-07-14,0.8752329836814828,0.8686915027070484,0.8752825792213077,0.8635191056967728,0.1039509510715777
894,894,895,2023-07-17,0.8841912236969766,0.8742679265228007,0.8854038053495503,0.8732192257826357,0.0754352091278974
895,895,896,2023-07-18,0.8958040346834685,0.8950054694398356,0.9005031067633467,0.8876848167487856,0.104028689213167
896,896,897,2023-07-19,0.9303104588692443,0.9220165493031272,0.9192525090917418,0.9138925191526666,0.1929856562931635
897,897,898,2023-07-20,0.9402643163280376,0.949550517115236,0.9434775497987528,0.9421426768075944,0.1868105126200615
898,898,899,2023-07-21,0.9286515053415456,0.929335612609798,0.9346834501508468,0.931080774139868,0.1801577232513762
899,899,900,2023-07-24,0.9266606793327472,0.9333437283135378,0.9373382711805922,0.938738948992055,0.07223768820683
900,900,901,2023-07-25,0.9228450317019996,0.9176599045787128,0.9237325069005702,0.9234226907461602,0.0701977218045829
901,901,902,2023-07-26,0.9361166599235904,0.9415339578989952,0.9263871216016072,0.915424073247142,0.0768159009049835
902,902,903,2023-07-27,0.9614988397070228,0.9645369888564812,0.9534329516942854,0.940440738662074,0.1316250696629121
903,903,904,2023-07-28,0.9444115638546848,0.9471105264177504,0.9454685325673832,0.9423127349828146,0.0917832523850943
904,904,905,2023-07-31,0.9478954752969324,0.945193852718324,0.9472938174998308,0.9465673609503488,0.054850377170947
