Date,Date,Date.39,Date.38,Date.37,Date.36,Date.35,Date.34,Date.33,Date.32,Date.31,Date.30,Date.29,Date.28,Date.27,Date.26,Date.25,Date.24,Date.23,Date.22,Date.21,Date.20,Date.19,Date.18,Date.17,Date.16,Date.15,Date.14,Date.13,Date.12,Date.11,Date.10,Date.9,Date.8,Date.7,Date.6,Date.5,Date.4,Date.3,Date.2,Date.1,Close,High,Low,Open,Volume
0,0,0,0,0,0,0,0,0,0,0,0,0,0,0,0,0,0,0,0,0,0,0,0,0,0,0,0,0,0,0,0,0,0,0,0,0,0,0,1,2020-01-02,0.3541861891592472,0.3220164208253486,0.3593091166717882,0.3353331554029301,0.0639188073097606
1,1,1,1,1,1,1,1,1,1,1,1,1,1,1,1,1,1,1,1,1,1,1,1,1,1,1,1,1,1,1,1,1,1,1,1,1,1,1,2,2020-01-03,0.3604304337790806,0.3368128473295443,0.371799733606646,0.3529110744274772,0.0763084435918308
2,2,2,2,2,2,2,2,2,2,2,2,2,2,2,2,2,2,2,2,2,2,2,2,2,2,2,2,2,2,2,2,2,2,2,2,2,2,2,3,2020-01-06,0.3525888401044738,0.3168300145044582,0.3569853642043655,0.3344394253740734,0.1066884613384408
3,3,3,3,3,3,3,3,3,3,3,3,3,3,3,3,3,3,3,3,3,3,3,3,3,3,3,3,3,3,3,3,3,3,3,3,3,3,3,4,2020-01-07,0.3733546504016917,0.3369653919959276,0.3707831428047986,0.3506766556168183,0.1239760804057115
4,4,4,4,4,4,4,4,4,4,4,4,4,4,4,4,4,4,4,4,4,4,4,4,4,4,4,4,4,4,4,4,4,4,4,4,4,4,4,5,2020-01-08,0.3689981943277344,0.3377280666224382,0.3686044554054247,0.3566352245374373,0.082086618884502
5,5,5,5,5,5,5,5,5,5,5,5,5,5,5,5,5,5,5,5,5,5,5,5,5,5,5,5,5,5,5,5,5,5,5,5,5,5,5,6,2020-01-09,0.3775656822912256,0.346727736462824,0.3851616271734696,0.360806086702484,0.1597756342871511
6,6,6,6,6,6,6,6,6,6,6,6,6,6,6,6,6,6,6,6,6,6,6,6,6,6,6,6,6,6,6,6,6,6,6,6,6,6,6,7,2020-01-10,0.3922325358604523,0.356795562726557,0.3914797302902738,0.3627426995910613,0.1514414576909264
7,7,7,7,7,7,7,7,7,7,7,7,7,7,7,7,7,7,7,7,7,7,7,7,7,7,7,7,7,7,7,7,7,7,7,7,7,7,7,8,2020-01-13,0.3919419600767682,0.3580157091749305,0.3932950340989557,0.3697438950675399,0.0650226769237026
8,8,8,8,8,8,8,8,8,8,8,8,8,8,8,8,8,8,8,8,8,8,8,8,8,8,8,8,8,8,8,8,8,8,8,8,8,8,8,9,2020-01-14,0.4019621906660979,0.3723549158727761,0.4084003302523266,0.3825554086816849,0.141154470186073
9,9,9,9,9,9,9,9,9,9,9,9,9,9,9,9,9,9,9,9,9,9,9,9,9,9,9,9,9,9,9,9,9,9,9,9,9,9,9,10,2020-01-15,0.4090776174666577,0.3761682229689957,0.4131930768366566,0.3846407195764485,0.1012940581367331
10,10,10,10,10,10,10,10,10,10,10,10,10,10,10,10,10,10,10,10,10,10,10,10,10,10,10,10,10,10,10,10,10,10,10,10,10,10,10,11,2020-01-16,0.4206946519404351,0.386693435687701,0.4245216530571297,0.3980475254151492,0.1624262289929317
11,11,11,11,11,11,11,11,11,11,11,11,11,11,11,11,11,11,11,11,11,11,11,11,11,11,11,11,11,11,11,11,11,11,11,11,11,11,11,12,2020-01-17,0.4147412556894487,0.3943208404442155,0.426410204051089,0.4090713124630005,0.1230084324889527
12,12,12,12,12,12,12,12,12,12,12,12,12,12,12,12,12,12,12,12,12,12,12,12,12,12,12,12,12,12,12,12,12,12,12,12,12,12,12,13,2020-01-20,0.4129983461576703,0.3857783100177143,0.4237955959581964,0.3980476024816801,0.0977593120366415
13,13,13,13,13,13,13,13,13,13,13,13,13,13,13,13,13,13,13,13,13,13,13,13,13,13,13,13,13,13,13,13,13,13,13,13,13,13,13,14,2020-01-21,0.4064639346318972,0.3778463802067076,0.4146456443626477,0.396260205622895,0.0943729642099234
14,14,14,14,14,14,14,14,14,14,14,14,14,14,14,14,14,14,14,14,14,14,14,14,14,14,14,14,14,14,14,14,14,14,14,14,14,14,14,15,2020-01-22,0.4205495003411745,0.3882189154688853,0.4188574064962757,0.3905993492913397,0.1983089794811495
15,15,15,15,15,15,15,15,15,15,15,15,15,15,15,15,15,15,15,15,15,15,15,15,15,15,15,15,15,15,15,15,15,15,15,15,15,15,15,16,2020-01-23,0.4215658341211612,0.3941678042627459,0.4300407605581186,0.4046019665316545,0.1052754986352937
16,16,16,16,16,16,16,16,16,16,16,16,16,16,16,16,16,16,16,16,16,16,16,16,16,16,16,16,16,16,16,16,16,16,16,16,16,16,16,17,2020-01-24,0.4276653360194784,0.4010325970583457,0.4374482902866216,0.4114547576841734,0.1492783459146957
17,17,17,17,17,17,17,17,17,17,17,17,17,17,17,17,17,17,17,17,17,17,17,17,17,17,17,17,17,17,17,17,17,17,17,17,17,17,17,18,2020-01-28,0.4143052557213411,0.3807444780973026,0.4195836575935067,0.3935786212167427,0.1153352100456393
18,18,18,18,18,18,18,18,18,18,18,18,18,18,18,18,18,18,18,18,18,18,18,18,18,18,18,18,18,18,18,18,18,18,18,18,18,18,18,19,2020-01-29,0.4228730162699952,0.3927951960312048,0.428588573698614,0.404602160032139,0.0915772103200022
19,19,19,19,19,19,19,19,19,19,19,19,19,19,19,19,19,19,19,19,19,19,19,19,19,19,19,19,19,19,19,19,19,19,19,19,19,19,19,20,2020-01-30,0.4349259144192987,0.4016425869199596,0.4361410104507793,0.4105607074387372,0.1694848642458713
20,20,20,20,20,20,20,20,20,20,20,20,20,20,20,20,20,20,20,20,20,20,20,20,20,20,20,20,20,20,20,20,20,20,20,20,20,20,20,21,2020-01-31,0.4323119589993753,0.4097271244624529,0.4393362230836476,0.4214351538782588,0.3816813788299006
21,21,21,21,21,21,21,21,21,21,21,21,21,21,21,21,21,21,21,21,21,21,21,21,21,21,21,21,21,21,21,21,21,21,21,21,21,21,21,22,2020-02-03,0.4220018340892688,0.3941680804939778,0.4271361602145519,0.4002822226280718,0.1073075472638603
22,22,22,22,22,22,22,22,22,22,22,22,22,22,22,22,22,22,22,22,22,22,22,22,22,22,22,22,22,22,22,22,22,22,22,22,22,22,22,23,2020-02-04,0.4185166964886193,0.3902022242089591,0.4257564689004866,0.4040064663138312,0.1327663087693002
23,23,23,23,23,23,23,23,23,23,23,23,23,23,23,23,23,23,23,23,23,23,23,23,23,23,23,23,23,23,23,23,23,23,23,23,23,23,23,24,2020-02-05,0.4035594034282901,0.3949307730127795,0.4158074262593646,0.412944209509561,0.168887492214939
24,24,24,24,24,24,24,24,24,24,24,24,24,24,24,24,24,24,24,24,24,24,24,24,24,24,24,24,24,24,24,24,24,24,24,24,24,24,24,25,2020-02-06,0.4173548022316276,0.3850155189450213,0.4190026183093186,0.3970048074570842,0.1937815724974451
25,25,25,25,25,25,25,25,25,25,25,25,25,25,25,25,25,25,25,25,25,25,25,25,25,25,25,25,25,25,25,25,25,25,25,25,25,25,25,26,2020-02-07,0.4256322595817603,0.3918801184198448,0.4255385620199502,0.4072836669246267,0.1809977870422394
26,26,26,26,26,26,26,26,26,26,26,26,26,26,26,26,26,26,26,26,26,26,26,26,26,26,26,26,26,26,26,26,26,26,26,26,26,26,26,27,2020-02-10,0.4186617117952984,0.3909646127318842,0.4274265755977299,0.4090709999496591,0.0880626185529152
27,27,27,27,27,27,27,27,27,27,27,27,27,27,27,27,27,27,27,27,27,27,27,27,27,27,27,27,27,27,27,27,27,27,27,27,27,27,27,28,2020-02-11,0.4244703653247685,0.3949307249765854,0.4338170763177807,0.4099648990550872,0.0937184882354779
28,28,28,28,28,28,28,28,28,28,28,28,28,28,28,28,28,28,28,28,28,28,28,28,28,28,28,28,28,28,28,28,28,28,28,28,28,28,28,29,2020-02-12,0.4747147617745377,0.4492350547698251,0.4582173474269041,0.4308199638654229,0.4068201902988917
29,29,29,29,29,29,29,29,29,29,29,29,29,29,29,29,29,29,29,29,29,29,29,29,29,29,29,29,29,29,29,29,29,29,29,29,29,29,29,30,2020-02-13,0.4827016433409865,0.4518283380395418,0.4824724734979461,0.4649330735976511,0.2274795572980789
30,30,30,30,30,30,30,30,30,30,30,30,30,30,30,30,30,30,30,30,30,30,30,30,30,30,30,30,30,30,30,30,30,30,30,30,30,30,30,31,2020-02-14,0.5155202154949265,0.4872177477114232,0.5032418020509927,0.4784890287318155,0.4553908132111413
31,31,31,31,31,31,31,31,31,31,31,31,31,31,31,31,31,31,31,31,31,31,31,31,31,31,31,31,31,31,31,31,31,31,31,31,31,31,31,32,2020-02-17,0.4933024803273584,0.4846246379451056,0.5025157135529049,0.4991953790982582,0.1361043701731947
32,32,32,32,32,32,32,32,32,32,32,32,32,32,32,32,32,32,32,32,32,32,32,32,32,32,32,32,32,32,32,32,32,32,32,32,32,32,32,33,2020-02-18,0.5049195148011358,0.4751669786562791,0.5073084355394811,0.4845964903491044,0.2079498286671753
33,33,33,33,33,33,33,33,33,33,33,33,33,33,33,33,33,33,33,33,33,33,33,33,33,33,33,33,33,33,33,33,33,33,33,33,33,33,33,34,2020-02-19,0.4985339347743232,0.4734511808918873,0.5058965297165311,0.4874916515700644,0.4618916653015505
34,34,34,34,34,34,34,34,34,34,34,34,34,34,34,34,34,34,34,34,34,34,34,34,34,34,34,34,34,34,34,34,34,34,34,34,34,34,34,35,2020-02-20,0.4988306437241729,0.4726708821039858,0.50455955441307,0.4847492485122502,0.1530752183101155
35,35,35,35,35,35,35,35,35,35,35,35,35,35,35,35,35,35,35,35,35,35,35,35,35,35,35,35,35,35,35,35,35,35,35,35,35,35,35,36,2020-02-21,0.5129386977093919,0.4835906851428055,0.5063417991011882,0.4850538243907263,0.1292878868319806
36,36,36,36,36,36,36,36,36,36,36,36,36,36,36,36,36,36,36,36,36,36,36,36,36,36,36,36,36,36,36,36,36,36,36,36,36,36,36,37,2020-02-24,0.5009097870544263,0.4709549822452248,0.5044110640913017,0.4813978012921274,0.1249021600106482
37,37,37,37,37,37,37,37,37,37,37,37,37,37,37,37,37,37,37,37,37,37,37,37,37,37,37,37,37,37,37,37,37,37,37,37,37,37,37,38,2020-02-25,0.4832376820638895,0.4598792057644316,0.4813887249114709,0.4614411562950991,0.1874601299606576
38,38,38,38,38,38,38,38,38,38,38,38,38,38,38,38,38,38,38,38,38,38,38,38,38,38,38,38,38,38,38,38,38,38,38,38,38,38,38,39,2020-02-26,0.4617044082404404,0.4406917698025603,0.4698034523595861,0.4466641786771859,0.1806479054219534
39,39,39,39,39,39,39,39,39,39,39,39,39,39,39,39,39,39,39,39,39,39,39,39,39,39,39,39,39,39,39,39,39,39,39,39,39,39,39,40,2020-02-27,0.4480418947040314,0.4342958190072252,0.4499003488590868,0.4434650141957508,0.2450030300480111
40,40,40,40,40,40,40,40,40,40,40,40,40,40,40,40,40,40,40,40,40,40,40,40,40,40,40,40,40,40,40,40,40,40,40,40,40,40,40,41,2020-02-28,0.4086878206836668,0.3867166445955199,0.4133616059257013,0.3997430467475322,0.4381099122548721
41,41,41,41,41,41,41,41,41,41,41,41,41,41,41,41,41,41,41,41,41,41,41,41,41,41,41,41,41,41,41,41,41,41,41,41,41,41,41,42,2020-03-02,0.3892335538978895,0.3583251369162922,0.3759318122082619,0.3662280030394719,0.2617612979582401
42,42,42,42,42,42,42,42,42,42,42,42,42,42,42,42,42,42,42,42,42,42,42,42,42,42,42,42,42,42,42,42,42,42,42,42,42,42,42,43,2020-03-03,0.3690369014208707,0.3767329290948811,0.3809819395706891,0.3883175476792979,0.2511464426432575
43,43,43,43,43,43,43,43,43,43,43,43,43,43,43,43,43,43,43,43,43,43,43,43,43,43,43,43,43,43,43,43,43,43,43,43,43,43,43,44,2020-03-04,0.3393356131902051,0.3213539074173445,0.3425123416720149,0.3375877921356269,0.2555398473057345
44,44,44,44,44,44,44,44,44,44,44,44,44,44,44,44,44,44,44,44,44,44,44,44,44,44,44,44,44,44,44,44,44,44,44,44,44,44,44,45,2020-03-05,0.3339895366822282,0.3197941087094724,0.3408786296052154,0.337283304802455,0.3271351161480414
45,45,45,45,45,45,45,45,45,45,45,45,45,45,45,45,45,45,45,45,45,45,45,45,45,45,45,45,45,45,45,45,45,45,45,45,45,45,45,46,2020-03-06,0.2921109151753817,0.2761148828668742,0.3043400222313531,0.2943231120098636,0.2786044420029976
46,46,46,46,46,46,46,46,46,46,46,46,46,46,46,46,46,46,46,46,46,46,46,46,46,46,46,46,46,46,46,46,46,46,46,46,46,46,46,47,2020-03-09,0.2211249685078954,0.220891671446288,0.233342027359143,0.2283591540467546,0.4389950833624601
47,47,47,47,47,47,47,47,47,47,47,47,47,47,47,47,47,47,47,47,47,47,47,47,47,47,47,47,47,47,47,47,47,47,47,47,47,47,47,48,2020-03-10,0.2837946144395313,0.2428875458488752,0.182841714439928,0.1754970178750669,0.5113054711276284
48,48,48,48,48,48,48,48,48,48,48,48,48,48,48,48,48,48,48,48,48,48,48,48,48,48,48,48,48,48,48,48,48,48,48,48,48,48,48,49,2020-03-11,0.2114721827181961,0.2449153378648063,0.2236876032347478,0.2598938584528114,0.4691507641881255
49,49,49,49,49,49,49,49,49,49,49,49,49,49,49,49,49,49,49,49,49,49,49,49,49,49,49,49,49,49,49,49,49,49,49,49,49,49,49,50,2020-03-12,0.1314276859161992,0.1706608102251844,0.1436295207509396,0.1811336326596654,0.5936470183313857
50,50,50,50,50,50,50,50,50,50,50,50,50,50,50,50,50,50,50,50,50,50,50,50,50,50,50,50,50,50,50,50,50,50,50,50,50,50,50,51,2020-03-13,0.1796919555961495,0.1335334816510375,0.0552535496106039,0.0679441456757846,1.0
51,51,51,51,51,51,51,51,51,51,51,51,51,51,51,51,51,51,51,51,51,51,51,51,51,51,51,51,51,51,51,51,51,51,51,51,51,51,51,52,2020-03-16,0.0810843410522863,0.1182459008230269,0.0932776312813141,0.0827213485920575,0.6239286037551962
52,52,52,52,52,52,52,52,52,52,52,52,52,52,52,52,52,52,52,52,52,52,52,52,52,52,52,52,52,52,52,52,52,52,52,52,52,52,52,53,2020-03-17,0.1987008182256981,0.1575571920675341,0.0929805448128793,0.0565187057775648,0.6594932636841173
53,53,53,53,53,53,53,53,53,53,53,53,53,53,53,53,53,53,53,53,53,53,53,53,53,53,53,53,53,53,53,53,53,53,53,53,53,53,53,54,2020-03-18,0.1439021370199749,0.1419573876007821,0.1265484149877729,0.1515793988229167,0.6030527936154912
54,54,54,54,54,54,54,54,54,54,54,54,54,54,54,54,54,54,54,54,54,54,54,54,54,54,54,54,54,54,54,54,54,54,54,54,54,54,54,55,2020-03-19,0.0993504772591398,0.1669169395686237,0.1041203223168572,0.1550833484645696,0.6363035441694505
55,55,55,55,55,55,55,55,55,55,55,55,55,55,55,55,55,55,55,55,55,55,55,55,55,55,55,55,55,55,55,55,55,55,55,55,55,55,55,56,2020-03-20,0.0839058019274905,0.1031141473294345,0.0960995710335332,0.1279665827153393,0.6241766939971819
56,56,56,56,56,56,56,56,56,56,56,56,56,56,56,56,56,56,56,56,56,56,56,56,56,56,56,56,56,56,56,56,56,56,56,56,56,56,56,57,2020-03-23,0.0,0.0,0.0,0.0258979413978667,0.5799831603349771
57,57,57,57,57,57,57,57,57,57,57,57,57,57,57,57,57,57,57,57,57,57,57,57,57,57,57,57,57,57,57,57,57,57,57,57,57,57,57,58,2020-03-24,0.0406906272205042,0.0043680049489976,0.0231708828958946,0.0,0.395510970225392
58,58,58,58,58,58,58,58,58,58,58,58,58,58,58,58,58,58,58,58,58,58,58,58,58,58,58,58,58,58,58,58,58,58,58,58,58,58,58,59,2020-03-25,0.1208839555214611,0.0717589421055209,0.0659480132587311,0.0912525498470704,0.4407344742805218
59,59,59,59,59,59,59,59,59,59,59,59,59,59,59,59,59,59,59,59,59,59,59,59,59,59,59,59,59,59,59,59,59,59,59,59,59,59,59,60,2020-03-26,0.1119733509841312,0.084394418795026,0.0983275400540558,0.1049630335309056,0.3293471741615692
60,60,60,60,60,60,60,60,60,60,60,60,60,60,60,60,60,60,60,60,60,60,60,60,60,60,60,60,60,60,60,60,60,60,60,60,60,60,60,61,2020-03-27,0.0504921082165822,0.0934423923856559,0.0626802061293633,0.1107520677158543,0.7342468244778934
61,61,61,61,61,61,61,61,61,61,61,61,61,61,61,61,61,61,61,61,61,61,61,61,61,61,61,61,61,61,61,61,61,61,61,61,61,61,61,62,2020-03-30,0.1439021370199749,0.095938263990977,0.0655022058508815,0.0280307965769129,0.328422654118115
62,62,62,62,62,62,62,62,62,62,62,62,62,62,62,62,62,62,62,62,62,62,62,62,62,62,62,62,62,62,62,62,62,62,62,62,62,62,62,63,2020-03-31,0.1122703325191441,0.1619248955535982,0.1122893875425611,0.1308609254572053,0.533853910957317
63,63,63,63,63,63,63,63,63,63,63,63,63,63,63,63,63,63,63,63,63,63,63,63,63,63,63,63,63,63,63,63,63,63,63,63,63,63,63,64,2020-04-01,0.1397439866520497,0.0967182873104357,0.1207557649901425,0.1217206157309217,0.3624156959546115
64,64,64,64,64,64,64,64,64,64,64,64,64,64,64,64,64,64,64,64,64,64,64,64,64,64,64,64,64,64,64,64,64,64,64,64,64,64,64,65,2020-04-02,0.1036571865408622,0.0700428509335247,0.0926834651000544,0.0798268587517788,0.4657986067477546
65,65,65,65,65,65,65,65,65,65,65,65,65,65,65,65,65,65,65,65,65,65,65,65,65,65,65,65,65,65,65,65,65,65,65,65,65,65,65,66,2020-04-03,0.0868760261553641,0.0733187742269557,0.0925349029335124,0.0927758265403032,0.3068614167068503
66,66,66,66,66,66,66,66,66,66,66,66,66,66,66,66,66,66,66,66,66,66,66,66,66,66,66,66,66,66,66,66,66,66,66,66,66,66,66,67,2020-04-06,0.1219232546014249,0.0809625182511942,0.1048628722297496,0.0773892764089844,0.2474308473943296
67,67,67,67,67,67,67,67,67,67,67,67,67,67,67,67,67,67,67,67,67,67,67,67,67,67,67,67,67,67,67,67,67,67,67,67,67,67,67,68,2020-04-07,0.1130129226492579,0.109042010564358,0.1122894595737326,0.1156268985670972,0.3802063335831231
68,68,68,68,68,68,68,68,68,68,68,68,68,68,68,68,68,68,68,68,68,68,68,68,68,68,68,68,68,68,68,68,68,68,68,68,68,68,68,69,2020-04-08,0.0824208942524259,0.0538191790418576,0.0871878654236683,0.0607842549414543,0.4281479733528526
69,69,69,69,69,69,69,69,69,69,69,69,69,69,69,69,69,69,69,69,69,69,69,69,69,69,69,69,69,69,69,69,69,69,69,69,69,69,69,70,2020-04-09,0.1113794560603961,0.0617749930327379,0.0950599793062294,0.0847017912504478,0.2348471056908218
70,70,70,70,70,70,70,70,70,70,70,70,70,70,70,70,70,70,70,70,70,70,70,70,70,70,70,70,70,70,70,70,70,70,70,70,70,70,70,71,2020-04-14,0.1260815412619316,0.0772187173989864,0.1093189287240157,0.0875962454083501,0.2296890960199811
71,71,71,71,71,71,71,71,71,71,71,71,71,71,71,71,71,71,71,71,71,71,71,71,71,71,71,71,71,71,71,71,71,71,71,71,71,71,71,72,2020-04-15,0.1159831468771314,0.0850185660457188,0.1197161026862277,0.0988695084362868,0.2472573161878343
72,72,72,72,72,72,72,72,72,72,72,72,72,72,72,72,72,72,72,72,72,72,72,72,72,72,72,72,72,72,72,72,72,72,72,72,72,72,72,73,2020-04-16,0.1039540999295844,0.0539750686115739,0.0995158262142962,0.0679442254960088,0.2866328845655178
73,73,73,73,73,73,73,73,73,73,73,73,73,73,73,73,73,73,73,73,73,73,73,73,73,73,73,73,73,73,73,73,73,73,73,73,73,73,73,74,2020-04-17,0.1009841482868737,0.0700429248977514,0.1130322533886023,0.0935376499160187,0.1879854622477252
74,74,74,74,74,74,74,74,74,74,74,74,74,74,74,74,74,74,74,74,74,74,74,74,74,74,74,74,74,74,74,74,74,74,74,74,74,74,74,75,2020-04-20,0.0834603296249712,0.0591229715395259,0.0956540231225061,0.0758659418577819,0.2108780253168414
75,75,75,75,75,75,75,75,75,75,75,75,75,75,75,75,75,75,75,75,75,75,75,75,75,75,75,75,75,75,75,75,75,75,75,75,75,75,75,76,2020-04-21,0.0648971437368141,0.0413393524999801,0.0770876865675704,0.0629169449880514,0.2345865389569761
76,76,76,76,76,76,76,76,76,76,76,76,76,76,76,76,76,76,76,76,76,76,76,76,76,76,76,76,76,76,76,76,76,76,76,76,76,76,76,77,2020-04-22,0.0741043890777033,0.0335394047469571,0.0614918631400369,0.0361048512502864,0.2451652844253252
77,77,77,77,77,77,77,77,77,77,77,77,77,77,77,77,77,77,77,77,77,77,77,77,77,77,77,77,77,77,77,77,77,77,77,77,77,77,77,78,2020-04-23,0.0678672316721061,0.0380633896627493,0.0732258141668504,0.0607841403499564,0.2454966312572231
78,78,78,78,78,78,78,78,78,78,78,78,78,78,78,78,78,78,78,78,78,78,78,78,78,78,78,78,78,78,78,78,78,78,78,78,78,78,78,79,2020-04-24,0.0686097536559292,0.0272995645587811,0.0750082305681278,0.0386946813029489,0.2434250537433884
79,79,79,79,79,79,79,79,79,79,79,79,79,79,79,79,79,79,79,79,79,79,79,79,79,79,79,79,79,79,79,79,79,79,79,79,79,79,79,80,2020-04-27,0.0686097536559292,0.0168477948763785,0.052877101488449,0.0341244613765913,0.2318477090611661
80,80,80,80,80,80,80,80,80,80,80,80,80,80,80,80,80,80,80,80,80,80,80,80,80,80,80,80,80,80,80,80,80,80,80,80,80,80,80,81,2020-04-28,0.0646001622018012,0.0363474929468772,0.0677302599217297,0.0470734990055482,0.25542581936811
81,81,81,81,81,81,81,81,81,81,81,81,81,81,81,81,81,81,81,81,81,81,81,81,81,81,81,81,81,81,81,81,81,81,81,81,81,81,81,82,2020-04-29,0.101132434615508,0.0510110658346176,0.0877817958429494,0.0508819081088508,0.2131157561116965
82,82,82,82,82,82,82,82,82,82,82,82,82,82,82,82,82,82,82,82,82,82,82,82,82,82,82,82,82,82,82,82,82,82,82,82,82,82,82,83,2020-04-30,0.1251903922180206,0.080026568731427,0.1161512450229661,0.0894242844934927,0.3075381464239884
83,83,83,83,83,83,83,83,83,83,83,83,83,83,83,83,83,83,83,83,83,83,83,83,83,83,83,83,83,83,83,83,83,83,83,83,83,83,83,84,2020-05-01,0.0680157224396126,0.0583429971723784,0.0802067945761882,0.0837876241728046,0.2927574024735724
84,84,84,84,84,84,84,84,84,84,84,84,84,84,84,84,84,84,84,84,84,84,84,84,84,84,84,84,84,84,84,84,84,84,84,84,84,84,84,85,2020-05-04,0.0834603296249712,0.0360354241773254,0.0678787037632739,0.0399134441120019,0.1766012632567974
85,85,85,85,85,85,85,85,85,85,85,85,85,85,85,85,85,85,85,85,85,85,85,85,85,85,85,85,85,85,85,85,85,85,85,85,85,85,85,86,2020-05-05,0.0978652969989123,0.0528830188956272,0.0996643181684554,0.0699245443580328,0.2076099042471238
86,86,86,86,86,86,86,86,86,86,86,86,86,86,86,86,86,86,86,86,86,86,86,86,86,86,86,86,86,86,86,86,86,86,86,86,86,86,86,87,2020-05-06,0.0904401453069727,0.0452393403411248,0.0956541089538111,0.0684012936479458,0.114023498872587
87,87,87,87,87,87,87,87,87,87,87,87,87,87,87,87,87,87,87,87,87,87,87,87,87,87,87,87,87,87,87,87,87,87,87,87,87,87,87,88,2020-05-07,0.0742530161377912,0.0372834549928042,0.0846627917940615,0.0597178528127917,0.1725471231998986
88,88,88,88,88,88,88,88,88,88,88,88,88,88,88,88,88,88,88,88,88,88,88,88,88,88,88,88,88,88,88,88,88,88,88,88,88,88,88,89,2020-05-08,0.0793019748181737,0.0389991789229961,0.0895641019511381,0.0645925157858149,0.202836206515452
89,89,89,89,89,89,89,89,89,89,89,89,89,89,89,89,89,89,89,89,89,89,89,89,89,89,89,89,89,89,89,89,89,89,89,89,89,89,89,90,2020-05-11,0.087321362165302,0.0463311269298095,0.0944656585808987,0.0607840593113676,0.1671966876353706
90,90,90,90,90,90,90,90,90,90,90,90,90,90,90,90,90,90,90,90,90,90,90,90,90,90,90,90,90,90,90,90,90,90,90,90,90,90,90,91,2020-05-12,0.0809357139921984,0.0421193086055297,0.0862965710466031,0.0636786221687683,0.16462946948577
91,91,91,91,91,91,91,91,91,91,91,91,91,91,91,91,91,91,91,91,91,91,91,91,91,91,91,91,91,91,91,91,91,91,91,91,91,91,91,92,2020-05-13,0.0978652969989123,0.0475791191327962,0.0794641075529802,0.0485968329422522,0.2472224060038798
92,92,92,92,92,92,92,92,92,92,92,92,92,92,92,92,92,92,92,92,92,92,92,92,92,92,92,92,92,92,92,92,92,92,92,92,92,92,92,93,2020-05-14,0.0689065988983607,0.0279233829978294,0.0799095480758663,0.0516435266419098,0.2452975472356683
93,93,93,93,93,93,93,93,93,93,93,93,93,93,93,93,93,93,93,93,93,93,93,93,93,93,93,93,93,93,93,93,93,93,93,93,93,93,93,94,2020-05-15,0.0793019748181737,0.0305753286794778,0.081246352547962,0.053166938854057,0.131387776385036
94,94,94,94,94,94,94,94,94,94,94,94,94,94,94,94,94,94,94,94,94,94,94,94,94,94,94,94,94,94,94,94,94,94,94,94,94,94,94,95,2020-05-18,0.0689065988983607,0.0333832527213298,0.0808007536992557,0.05910820415256,0.1459414841734801
95,95,95,95,95,95,95,95,95,95,95,95,95,95,95,95,95,95,95,95,95,95,95,95,95,95,95,95,95,95,95,95,95,95,95,95,95,95,95,96,2020-05-19,0.0800447012408689,0.0405593467271622,0.0885245424975454,0.0623075350349535,0.2066787860589359
96,96,96,96,96,96,96,96,96,96,96,96,96,96,96,96,96,96,96,96,96,96,96,96,96,96,96,96,96,96,96,96,96,96,96,96,96,96,96,97,2020-05-20,0.0862819949390475,0.0358794752955763,0.0828804326774595,0.047073512274836,0.1366053493078816
97,97,97,97,97,97,97,97,97,97,97,97,97,97,97,97,97,97,97,97,97,97,97,97,97,97,97,97,97,97,97,97,97,97,97,97,97,97,97,98,2020-05-21,0.071134369288702,0.0405593937440578,0.0833259707426631,0.0659637917229268,0.2010217766968283
98,98,98,98,98,98,98,98,98,98,98,98,98,98,98,98,98,98,98,98,98,98,98,98,98,98,98,98,98,98,98,98,98,98,98,98,98,98,98,99,2020-05-22,0.06593664725565,0.0258955899618096,0.0781273665178241,0.0478351799318158,0.1909102998418904
99,99,99,99,99,99,99,99,99,99,99,99,99,99,99,99,99,99,99,99,99,99,99,99,99,99,99,99,99,99,99,99,99,99,99,99,99,99,99,100,2020-05-25,0.0702433565373724,0.0244916469568512,0.0773847537054086,0.050729670496986,0.1777822111978554
100,100,100,100,100,100,100,100,100,100,100,100,100,100,100,100,100,100,100,100,100,100,100,100,100,100,100,100,100,100,100,100,100,100,100,100,100,100,100,101,2020-05-26,0.1046966900596982,0.0547551183208068,0.0842171768055972,0.0516437532619489,0.3833501096161781
101,101,101,101,101,101,101,101,101,101,101,101,101,101,101,101,101,101,101,101,101,101,101,101,101,101,101,101,101,101,101,101,101,101,101,101,101,101,101,102,2020-05-27,0.1490998590530268,0.1260456159455451,0.1232807628709855,0.0883578860986921,0.58132546290634
102,102,102,102,102,102,102,102,102,102,102,102,102,102,102,102,102,102,102,102,102,102,102,102,102,102,102,102,102,102,102,102,102,102,102,102,102,102,102,103,2020-05-28,0.1703362876340446,0.1439854109893882,0.1730386434550399,0.1523412519162061,0.3199470372920542
103,103,103,103,103,103,103,103,103,103,103,103,103,103,103,103,103,103,103,103,103,103,103,103,103,103,103,103,103,103,103,103,103,103,103,103,103,103,103,104,2020-05-29,0.1409319127921014,0.1224576569055998,0.1531353607471355,0.1425912284259552,0.4632353474849942
104,104,104,104,104,104,104,104,104,104,104,104,104,104,104,104,104,104,104,104,104,104,104,104,104,104,104,104,104,104,104,104,104,104,104,104,104,104,104,105,2020-06-01,0.1431596831824426,0.1003062869886345,0.1317470922412204,0.107248219174638,0.1631339699903181
105,105,105,105,105,105,105,105,105,105,105,105,105,105,105,105,105,105,105,105,105,105,105,105,105,105,105,105,105,105,105,105,105,105,105,105,105,105,105,106,2020-06-02,0.145090199452608,0.1035821916070046,0.1504619450259173,0.1217206141370863,0.1049927981250232
106,106,106,106,106,106,106,106,106,106,106,106,106,106,106,106,106,106,106,106,106,106,106,106,106,106,106,106,106,106,106,106,106,106,106,106,106,106,106,107,2020-06-03,0.1759793456770344,0.1324415415292105,0.1636811213610367,0.1310133608295094,0.1921219591475269
107,107,107,107,107,107,107,107,107,107,107,107,107,107,107,107,107,107,107,107,107,107,107,107,107,107,107,107,107,107,107,107,107,107,107,107,107,107,107,108,2020-06-04,0.1989977997607112,0.1692568679210081,0.2000712854355084,0.1811336070748916,0.3752617439028494
108,108,108,108,108,108,108,108,108,108,108,108,108,108,108,108,108,108,108,108,108,108,108,108,108,108,108,108,108,108,108,108,108,108,108,108,108,108,108,109,2020-06-05,0.2148880155411704,0.1744049140006377,0.2149244851088302,0.1852468771300649,0.2445974840794265
109,109,109,109,109,109,109,109,109,109,109,109,109,109,109,109,109,109,109,109,109,109,109,109,109,109,109,109,109,109,109,109,109,109,109,109,109,109,109,110,2020-06-09,0.2664192865451351,0.2280676812520161,0.2559188232507877,0.228359310668597,0.2996648202458432
110,110,110,110,110,110,110,110,110,110,110,110,110,110,110,110,110,110,110,110,110,110,110,110,110,110,110,110,110,110,110,110,110,110,110,110,110,110,110,111,2020-06-10,0.2575090227392588,0.228067740008236,0.2548791660113257,0.2341482853894869,0.2112382840192994
111,111,111,111,111,111,111,111,111,111,111,111,111,111,111,111,111,111,111,111,111,111,111,111,111,111,111,111,111,111,111,111,111,111,111,111,111,111,111,112,2020-06-11,0.2105812381131572,0.1981163004378134,0.2208655331461518,0.2111448258288279,0.3133092437068545
112,112,112,112,112,112,112,112,112,112,112,112,112,112,112,112,112,112,112,112,112,112,112,112,112,112,112,112,112,112,112,112,112,112,112,112,112,112,112,113,2020-06-12,0.1939485684951656,0.1535011611150326,0.177345983034549,0.1598058580443148,0.3390328307486501
113,113,113,113,113,113,113,113,113,113,113,113,113,113,113,113,113,113,113,113,113,113,113,113,113,113,113,113,113,113,113,113,113,113,113,113,113,113,113,114,2020-06-15,0.1788010791374015,0.1591171077615009,0.1910109544980035,0.1707744764706217,0.2243359012312918
114,114,114,114,114,114,114,114,114,114,114,114,114,114,114,114,114,114,114,114,114,114,114,114,114,114,114,114,114,114,114,114,114,114,114,114,114,114,114,115,2020-06-16,0.2202340239028565,0.1836085818639778,0.2184891036107105,0.1942349656697736,0.3043989291091131
115,115,115,115,115,115,115,115,115,115,115,115,115,115,115,115,115,115,115,115,115,115,115,115,115,115,115,115,115,115,115,115,115,115,115,115,115,115,115,116,2020-06-17,0.2276593118873777,0.1868845076398998,0.2245788147559092,0.2085549489835751,0.2125239025290868
116,116,116,116,116,116,116,116,116,116,116,116,116,116,116,116,116,116,116,116,116,116,116,116,116,116,116,116,116,116,116,116,116,116,116,116,116,116,116,117,2020-06-18,0.2190459614702235,0.1815805549860542,0.2181918766873011,0.2001761517109136,0.3604572466313921
117,117,117,117,117,117,117,117,117,117,117,117,117,117,117,117,117,117,117,117,117,117,117,117,117,117,117,117,117,117,117,117,117,117,117,117,117,117,117,118,2020-06-19,0.2141453572647659,0.1882885478996414,0.2216082470545498,0.2077933187289601,0.3388317672836751
118,118,118,118,118,118,118,118,118,118,118,118,118,118,118,118,118,118,118,118,118,118,118,118,118,118,118,118,118,118,118,118,118,118,118,118,118,118,118,119,2020-06-22,0.2254318140821993,0.1881325090224372,0.2147758310903519,0.1849421520711246,0.1178189916559261
119,119,119,119,119,119,119,119,119,119,119,119,119,119,119,119,119,119,119,119,119,119,119,119,119,119,119,119,119,119,119,119,119,119,119,119,119,119,119,120,2020-06-23,0.2193429430052364,0.1850125287447791,0.2205684451161124,0.2079455980280537,0.1299234081361003
120,120,120,120,120,120,120,120,120,120,120,120,120,120,120,120,120,120,120,120,120,120,120,120,120,120,120,120,120,120,120,120,120,120,120,120,120,120,120,121,2020-06-24,0.2224615898543258,0.1840765092513809,0.2256184817227223,0.2015472279669722,0.1468372123126419
121,121,121,121,121,121,121,121,121,121,121,121,121,121,121,121,121,121,121,121,121,121,121,121,121,121,121,121,121,121,121,121,121,121,121,121,121,121,121,122,2020-06-25,0.1988493089932045,0.1687108710337667,0.2098743126086725,0.1820476642757612,0.2067298916890549
122,122,122,122,122,122,122,122,122,122,122,122,122,122,122,122,122,122,122,122,122,122,122,122,122,122,122,122,122,122,122,122,122,122,122,122,122,122,122,123,2020-06-26,0.2229071303031357,0.1811126911234392,0.2210141010843115,0.1928638350117181,0.3349959058511927
123,123,123,123,123,123,123,123,123,123,123,123,123,123,123,123,123,123,123,123,123,123,123,123,123,123,123,123,123,123,123,123,123,123,123,123,123,123,123,124,2020-06-29,0.2126603814434106,0.1681649828697237,0.2069037766577429,0.1796103058317023,0.1413409577495
124,124,124,124,124,124,124,124,124,124,124,124,124,124,124,124,124,124,124,124,124,124,124,124,124,124,124,124,124,124,124,124,124,124,124,124,124,124,124,125,2020-06-30,0.2251346962546049,0.1926563904682622,0.2312627277757254,0.2062698789120697,0.2490826629368354
125,125,125,125,125,125,125,125,125,125,125,125,125,125,125,125,125,125,125,125,125,125,125,125,125,125,125,125,125,125,125,125,125,125,125,125,125,125,125,126,2020-07-01,0.2319660211691001,0.1884444857123889,0.229183379829532,0.2047464535887712,0.1390918901423297
126,126,126,126,126,126,126,126,126,126,126,126,126,126,126,126,126,126,126,126,126,126,126,126,126,126,126,126,126,126,126,126,126,126,126,126,126,126,126,127,2020-07-02,0.2500838029010285,0.2084122726501433,0.2388378645316741,0.2100785519397123,0.2299688573566884
127,127,127,127,127,127,127,127,127,127,127,127,127,127,127,127,127,127,127,127,127,127,127,127,127,127,127,127,127,127,127,127,127,127,127,127,127,127,127,128,2020-07-03,0.2570634822904487,0.2204238766504782,0.2574041232623186,0.2349099947309333,0.1369229000189726
128,128,128,128,128,128,128,128,128,128,128,128,128,128,128,128,128,128,128,128,128,128,128,128,128,128,128,128,128,128,128,128,128,128,128,128,128,128,128,129,2020-07-06,0.2548358481926888,0.2261957805874734,0.2603747835152398,0.2344529635328604,0.1248821856270454
129,129,129,129,129,129,129,129,129,129,129,129,129,129,129,129,129,129,129,129,129,129,129,129,129,129,129,129,129,129,129,129,129,129,129,129,129,129,129,130,2020-07-07,0.2521626736461188,0.2275996242876269,0.2631968394229219,0.2420699461863315,0.2034369376018851
130,130,130,130,130,130,130,130,130,130,130,130,130,130,130,130,130,130,130,130,130,130,130,130,130,130,130,130,130,130,130,130,130,130,130,130,130,130,130,131,2020-07-08,0.242064483700191,0.213248144889692,0.249680674323527,0.2279024322476077,0.2008181339570939
131,131,131,131,131,131,131,131,131,131,131,131,131,131,131,131,131,131,131,131,131,131,131,131,131,131,131,131,131,131,131,131,131,131,131,131,131,131,131,132,2020-07-09,0.239985476662519,0.2079442525093008,0.2522057366440481,0.2286641339592849,0.1338555424985602
132,132,132,132,132,132,132,132,132,132,132,132,132,132,132,132,132,132,132,132,132,132,132,132,132,132,132,132,132,132,132,132,132,132,132,132,132,132,132,133,2020-07-10,0.2431039190727361,0.2082561394762767,0.2490864375385607,0.2224180417623999,0.1562063379019087
133,133,133,133,133,133,133,133,133,133,133,133,133,133,133,133,133,133,133,133,133,133,133,133,133,133,133,133,133,133,133,133,133,133,133,133,133,133,133,134,2020-07-13,0.2652314285513741,0.2313437110981555,0.2682470158827911,0.2405467450107449,0.169108230147847
134,134,134,134,134,134,134,134,134,134,134,134,134,134,134,134,134,134,134,134,134,134,134,134,134,134,134,134,134,134,134,134,134,134,134,134,134,134,134,135,2020-07-14,0.2594396753020055,0.2254158258474773,0.2673558271893358,0.2435934790730407,0.1462486578023991
135,135,135,135,135,135,135,135,135,135,135,135,135,135,135,135,135,135,135,135,135,135,135,135,135,135,135,135,135,135,135,135,135,135,135,135,135,135,135,136,2020-07-15,0.2742901149784661,0.233995570875846,0.2667615615303321,0.2435933462514904,0.1845310935471164
136,136,136,136,136,136,136,136,136,136,136,136,136,136,136,136,136,136,136,136,136,136,136,136,136,136,136,136,136,136,136,136,136,136,136,136,136,136,136,137,2020-07-16,0.2729535617783264,0.2441353397996272,0.2770101724996291,0.2598938919304185,0.1792886876068187
137,137,137,137,137,137,137,137,137,137,137,137,137,137,137,137,137,137,137,137,137,137,137,137,137,137,137,137,137,137,137,137,137,137,137,137,137,137,137,138,2020-07-17,0.27235953056201,0.237427469992089,0.278792589224531,0.25547599280312,0.1786789590502942
138,138,138,138,138,138,138,138,138,138,138,138,138,138,138,138,138,138,138,138,138,138,138,138,138,138,138,138,138,138,138,138,138,138,138,138,138,138,138,139,2020-07-20,0.2633007078423365,0.2269757359241745,0.2689896422642336,0.2467925922242275,0.0693432020784396
139,139,139,139,139,139,139,139,139,139,139,139,139,139,139,139,139,139,139,139,139,139,139,139,139,139,139,139,139,139,139,139,139,139,139,139,139,139,139,140,2020-07-21,0.2995360668673212,0.2594230677892468,0.2807234179477317,0.2554759595872348,0.1692744434120014
140,140,140,140,140,140,140,140,140,140,140,140,140,140,140,140,140,140,140,140,140,140,140,140,140,140,140,140,140,140,140,140,140,140,140,140,140,140,140,141,2020-07-22,0.2950810031106738,0.2639471558599151,0.2989929191971331,0.2786320204492677,0.1423491542648038
141,141,141,141,141,141,141,141,141,141,141,141,141,141,141,141,141,141,141,141,141,141,141,141,141,141,141,141,141,141,141,141,141,141,141,141,141,141,141,142,2020-07-23,0.2892891135687238,0.2520911647971048,0.293200047953133,0.270405408352069,0.1286045589701088
142,142,142,142,142,142,142,142,142,142,142,142,142,142,142,142,142,142,142,142,142,142,142,142,142,142,142,142,142,142,142,142,142,142,142,142,142,142,142,143,2020-07-24,0.2762205631023408,0.2470991698136055,0.2868131243927582,0.2618741373208867,0.1273094031420245
143,143,143,143,143,143,143,143,143,143,143,143,143,143,143,143,143,143,143,143,143,143,143,143,143,143,143,143,143,143,143,143,143,143,143,143,143,143,143,144,2020-07-27,0.2707260639731483,0.241483536660475,0.2796838431871625,0.2565424838906062,0.0932962069725234
144,144,144,144,144,144,144,144,144,144,144,144,144,144,144,144,144,144,144,144,144,144,144,144,144,144,144,144,144,144,144,144,144,144,144,144,144,144,144,145,2020-07-28,0.266567913605223,0.2378956630474832,0.2776044108258139,0.2560854703655073,0.093408075517326
145,145,145,145,145,145,145,145,145,145,145,145,145,145,145,145,145,145,145,145,145,145,145,145,145,145,145,145,145,145,145,145,145,145,145,145,145,145,145,146,2020-07-29,0.2784482653463913,0.2513112550400038,0.2836940833695934,0.2557806856748572,0.2233527176828419
146,146,146,146,146,146,146,146,146,146,146,146,146,146,146,146,146,146,146,146,146,146,146,146,146,146,146,146,146,146,146,146,146,146,146,146,146,146,146,147,2020-07-30,0.2815669803417714,0.2506873685004433,0.2909721742924921,0.2633978499828268,0.1539093437707185
147,147,147,147,147,147,147,147,147,147,147,147,147,147,147,147,147,147,147,147,147,147,147,147,147,147,147,147,147,147,147,147,147,147,147,147,147,147,147,148,2020-07-31,0.2515688468686745,0.2319677453095773,0.2612660744176333,0.2527339917878503,0.2661132542751629
148,148,148,148,148,148,148,148,148,148,148,148,148,148,148,148,148,148,148,148,148,148,148,148,148,148,148,148,148,148,148,148,148,148,148,148,148,148,148,149,2020-08-03,0.2327084750066323,0.1982722456403453,0.2330449832221862,0.2193711737224725,0.1768789251838168
149,149,149,149,149,149,149,149,149,149,149,149,149,149,149,149,149,149,149,149,149,149,149,149,149,149,149,149,149,149,149,149,149,149,149,149,149,149,149,150,2020-08-04,0.2560240469179035,0.2254158817607391,0.2633454816004458,0.2329297051372338,0.2295284012041494
150,150,150,150,150,150,150,150,150,150,150,150,150,150,150,150,150,150,150,150,150,150,150,150,150,150,150,150,150,150,150,150,150,150,150,150,150,150,150,151,2020-08-05,0.2589939304143233,0.2179277781048966,0.2410656637845035,0.2178476690826165,0.1538031736236405
151,151,151,151,151,151,151,151,151,151,151,151,151,151,151,151,151,151,151,151,151,151,151,151,151,151,151,151,151,151,151,151,151,151,151,151,151,151,151,152,2020-08-06,0.2591424893281206,0.2252596779400452,0.2630483069327255,0.2435933646262872,0.1131600416594862
152,152,152,152,152,152,152,152,152,152,152,152,152,152,152,152,152,152,152,152,152,152,152,152,152,152,152,152,152,152,152,152,152,152,152,152,152,152,152,153,2020-08-07,0.2563210284529164,0.2160561061712724,0.2611175150024282,0.2315585954669687,0.1288675250293122
153,153,153,153,153,153,153,153,153,153,153,153,153,153,153,153,153,153,153,153,153,153,153,153,153,153,153,153,153,153,153,153,153,153,153,153,153,153,153,154,2020-08-10,0.2928534371592046,0.254587284665952,0.276564649953149,0.2451168447556275,0.1807267232599538
154,154,154,154,154,154,154,154,154,154,154,154,154,154,154,154,154,154,154,154,154,154,154,154,154,154,154,154,154,154,154,154,154,154,154,154,154,154,154,155,2020-08-11,0.3035457946140307,0.2843826940020288,0.3040430000883362,0.2740617119174055,0.2338608630025409
155,155,155,155,155,155,155,155,155,155,155,155,155,155,155,155,155,155,155,155,155,155,155,155,155,155,155,155,155,155,155,155,155,155,155,155,155,155,155,156,2020-08-12,0.2981995818134723,0.295614499048385,0.3046370257377674,0.3040729220064903,0.2431232186133902
156,156,156,156,156,156,156,156,156,156,156,156,156,156,156,156,156,156,156,156,156,156,156,156,156,156,156,156,156,156,156,156,156,156,156,156,156,156,156,157,2020-08-13,0.2698351193681094,0.2709670191577948,0.2776044726262606,0.2891435195967595,0.3365062811638623
157,157,157,157,157,157,157,157,157,157,157,157,157,157,157,157,157,157,157,157,157,157,157,157,157,157,157,157,157,157,157,157,157,157,157,157,157,157,157,158,2020-08-14,0.2598851476045249,0.2350876541651578,0.2648306890897512,0.2501441217425845,0.2225853534503168
158,158,158,158,158,158,158,158,158,158,158,158,158,158,158,158,158,158,158,158,158,158,158,158,158,158,158,158,158,158,158,158,158,158,158,158,158,158,158,159,2020-08-17,0.2450346397817737,0.21293605646826,0.2556219076087326,0.2298827973509726,0.1786970739567448
159,159,159,159,159,159,159,159,159,159,159,159,159,159,159,159,159,159,159,159,159,159,159,159,159,159,159,159,159,159,159,159,159,159,159,159,159,159,159,160,2020-08-18,0.2408763531212671,0.2096599797929054,0.2464128060610965,0.2253124857497589,0.254953152272644
160,160,160,160,160,160,160,160,160,160,160,160,160,160,160,160,160,160,160,160,160,160,160,160,160,160,160,160,160,160,160,160,160,160,160,160,160,160,160,161,2020-08-19,0.264068580246312,0.2224827821260785,0.2532472792820893,0.2205919529570707,0.2016099713082675
161,161,161,161,161,161,161,161,161,161,161,161,161,161,161,161,161,161,161,161,161,161,161,161,161,161,161,161,161,161,161,161,161,161,161,161,161,161,161,162,2020-08-20,0.2523220678201427,0.2163133836453574,0.2583687288267443,0.2258447791891411,0.2505543491281121
162,162,162,162,162,162,162,162,162,162,162,162,162,162,162,162,162,162,162,162,162,162,162,162,162,162,162,162,162,162,162,162,162,162,162,162,162,162,162,163,2020-08-21,0.2428341279077256,0.2239067888785825,0.2550548713811992,0.2358865144509702,0.2266496906399858
163,163,163,163,163,163,163,163,163,163,163,163,163,163,163,163,163,163,163,163,163,163,163,163,163,163,163,163,163,163,163,163,163,163,163,163,163,163,163,164,2020-08-24,0.2325933077752941,0.1998607930263302,0.2433060831709447,0.2216735040520447,0.1398610538688731
164,164,164,164,164,164,164,164,164,164,164,164,164,164,164,164,164,164,164,164,164,164,164,164,164,164,164,164,164,164,164,164,164,164,164,164,164,164,164,165,2020-08-25,0.2551831216902624,0.2180532789443944,0.2546028360256581,0.2281618722737194,0.1917986500555774
165,165,165,165,165,165,165,165,165,165,165,165,165,165,165,165,165,165,165,165,165,165,165,165,165,165,165,165,165,165,165,165,165,165,165,165,165,165,165,166,2020-08-26,0.2431353345127639,0.2036575750565072,0.2425530025442522,0.2253811870522357,0.1389637061850948
166,166,166,166,166,166,166,166,166,166,166,166,166,166,166,166,166,166,166,166,166,166,166,166,166,166,166,166,166,166,166,166,166,166,166,166,166,166,166,167,2020-08-27,0.2344004792592335,0.203024727809385,0.2440591890956444,0.2227548545709309,0.1642998621647565
167,167,167,167,167,167,167,167,167,167,167,167,167,167,167,167,167,167,167,167,167,167,167,167,167,167,167,167,167,167,167,167,167,167,167,167,167,167,167,168,2020-08-28,0.2347016858642718,0.2006518151022056,0.2428542167563449,0.2176567434267133,0.1763215019200901
168,168,168,168,168,168,168,168,168,168,168,168,168,168,168,168,168,168,168,168,168,168,168,168,168,168,168,168,168,168,168,168,168,168,168,168,168,168,168,169,2020-08-31,0.2225031590916725,0.1924256576054085,0.2347204518585482,0.2103957487711156,0.1367260353733737
169,169,169,169,169,169,169,169,169,169,169,169,169,169,169,169,169,169,169,169,169,169,169,169,169,169,169,169,169,169,169,169,169,169,169,169,169,169,169,170,2020-09-01,0.2000637440403513,0.1696452073466762,0.2067040515122217,0.1896941662063015,0.2264534858088602
170,170,170,170,170,170,170,170,170,170,170,170,170,170,170,170,170,170,170,170,170,170,170,170,170,170,170,170,170,170,170,170,170,170,170,170,170,170,170,171,2020-09-02,0.2124130104080512,0.172809191152918,0.2139342085339594,0.1811973109271018,0.1245815501597261
171,171,171,171,171,171,171,171,171,171,171,171,171,171,171,171,171,171,171,171,171,171,171,171,171,171,171,171,171,171,171,171,171,171,171,171,171,171,171,172,2020-09-03,0.2209972623590625,0.1835666446758851,0.2308042395042949,0.2011265018290572,0.1216933022772656
172,172,172,172,172,172,172,172,172,172,172,172,172,172,172,172,172,172,172,172,172,172,172,172,172,172,172,172,172,172,172,172,172,172,172,172,172,172,172,173,2020-09-04,0.1991601923715271,0.1652157310867252,0.2104696933827258,0.1838235130080953,0.1519644506357702
173,173,173,173,173,173,173,173,173,173,173,173,173,173,173,173,173,173,173,173,173,173,173,173,173,173,173,173,173,173,173,173,173,173,173,173,173,173,173,174,2020-09-07,0.2087986674401724,0.1724928704772802,0.2014322996644106,0.1720825250598029,0.1199438941758356
174,174,174,174,174,174,174,174,174,174,174,174,174,174,174,174,174,174,174,174,174,174,174,174,174,174,174,174,174,174,174,174,174,174,174,174,174,174,174,175,2020-09-08,0.2256658965908659,0.1818265545736745,0.2240262246742242,0.1952560356032788,0.1027113396255241
175,175,175,175,175,175,175,175,175,175,175,175,175,175,175,175,175,175,175,175,175,175,175,175,175,175,175,175,175,175,175,175,175,175,175,175,175,175,175,176,2020-09-09,0.2000637440403513,0.1579386894149913,0.2053484791532144,0.1756355963612653,0.1605163060250719
176,176,176,176,176,176,176,176,176,176,176,176,176,176,176,176,176,176,176,176,176,176,176,176,176,176,176,176,176,176,176,176,176,176,176,176,176,176,176,177,2020-09-10,0.1990096572152985,0.1721764048431101,0.2047460701873481,0.1954103008421299,0.1570697351318756
177,177,177,177,177,177,177,177,177,177,177,177,177,177,177,177,177,177,177,177,177,177,177,177,177,177,177,177,177,177,177,177,177,177,177,177,177,177,177,178,2020-09-11,0.1851544259686978,0.146548534891792,0.1973653796613768,0.1663662931169111,0.1587340271662414
178,178,178,178,178,178,178,178,178,178,178,178,178,178,178,178,178,178,178,178,178,178,178,178,178,178,178,178,178,178,178,178,178,178,178,178,178,178,178,179,2020-09-14,0.1907266800156163,0.151769078284654,0.1973655167627458,0.1693017663301325,0.0956252920803728
179,179,179,179,179,179,179,179,179,179,179,179,179,179,179,179,179,179,179,179,179,179,179,179,179,179,179,179,179,179,179,179,179,179,179,179,179,179,179,180,2020-09-15,0.1735583124061752,0.1449667308508701,0.1853154404069822,0.1663664278536799,0.2043296665843498
180,180,180,180,180,180,180,180,180,180,180,180,180,180,180,180,180,180,180,180,180,180,180,180,180,180,180,180,180,180,180,180,180,180,180,180,180,180,180,181,2020-09-16,0.1836483247972154,0.1397460615212603,0.1854659565875421,0.160186690815142,0.2132508981124687
181,181,181,181,181,181,181,181,181,181,181,181,181,181,181,181,181,181,181,181,181,181,181,181,181,181,181,181,181,181,181,181,181,181,181,181,181,181,181,182,2020-09-17,0.1731064343523271,0.138796846383271,0.1853153431801233,0.1566335516162166,0.2149460814608148
182,182,182,182,182,182,182,182,182,182,182,182,182,182,182,182,182,182,182,182,182,182,182,182,182,182,182,182,182,182,182,182,182,182,182,182,182,182,182,183,2020-09-18,0.1636187670250729,0.1305707524430361,0.1758260655431717,0.1526168772442348,0.3625775304499881
183,183,183,183,183,183,183,183,183,183,183,183,183,183,183,183,183,183,183,183,183,183,183,183,183,183,183,183,183,183,183,183,183,183,183,183,183,183,183,184,2020-09-21,0.1505166204373588,0.1163331051024826,0.1598598349465045,0.1401033664741715,0.2578426598009171
184,184,184,184,184,184,184,184,184,184,184,184,184,184,184,184,184,184,184,184,184,184,184,184,184,184,184,184,184,184,184,184,184,184,184,184,184,184,184,185,2020-09-22,0.1440408147216159,0.0994060529245321,0.1497678974463229,0.1200197126405697,0.1992068670131332
185,185,185,185,185,185,185,185,185,185,185,185,185,185,185,185,185,185,185,185,185,185,185,185,185,185,185,185,185,185,185,185,185,185,185,185,185,185,185,186,2020-09-23,0.1621126658535905,0.1182314193258335,0.1604622089182731,0.1275896350307758,0.1932616386924324
186,186,186,186,186,186,186,186,186,186,186,186,186,186,186,186,186,186,186,186,186,186,186,186,186,186,186,186,186,186,186,186,186,186,186,186,186,186,186,187,2020-09-24,0.1610584427359564,0.1175985870315773,0.1551903174686396,0.1274350828761915,0.1446462683622619
187,187,187,187,187,187,187,187,187,187,187,187,187,187,187,187,187,187,187,187,187,187,187,187,187,187,187,187,187,187,187,187,187,187,187,187,187,187,187,188,2020-09-25,0.1901240623666675,0.154774636304616,0.1890808768726698,0.1584872447534363,0.2202133204185647
188,188,188,188,188,188,188,188,188,188,188,188,188,188,188,188,188,188,188,188,188,188,188,188,188,188,188,188,188,188,188,188,188,188,188,188,188,188,188,189,2020-09-28,0.1804857235906034,0.1525599289708214,0.1859177933248167,0.1740907169111477,0.1253502340211979
189,189,189,189,189,189,189,189,189,189,189,189,189,189,189,189,189,189,189,189,189,189,189,189,189,189,189,189,189,189,189,189,189,189,189,189,189,189,189,190,2020-09-29,0.1734077091036561,0.1430683578948176,0.1838092389220914,0.164667067180447,0.0976979492906184
190,190,190,190,190,190,190,190,190,190,190,190,190,190,190,190,190,190,190,190,190,190,190,190,190,190,190,190,190,190,190,190,190,190,190,190,190,190,190,191,2020-09-30,0.1521730523261975,0.1191804641142425,0.1640771507394264,0.1363953607489353,0.2556515958842692
191,191,191,191,191,191,191,191,191,191,191,191,191,191,191,191,191,191,191,191,191,191,191,191,191,191,191,191,191,191,191,191,191,191,191,191,191,191,191,192,2020-10-01,0.1586488580419403,0.1193387083577778,0.1669390234288882,0.1340780720448236,0.1054914979006203
192,192,192,192,192,192,192,192,192,192,192,192,192,192,192,192,192,192,192,192,192,192,192,192,192,192,192,192,192,192,192,192,192,192,192,192,192,192,192,193,2020-10-02,0.1538298249464898,0.1147511535868376,0.1636254593621458,0.1342326932418452,0.1304598373029471
193,193,193,193,193,193,193,193,193,193,193,193,193,193,193,193,193,193,193,193,193,193,193,193,193,193,193,193,193,193,193,193,193,193,193,193,193,193,193,194,2020-10-05,0.1880158205702713,0.1422772397343318,0.1788384955911872,0.146437255770589,0.0965959391538287
194,194,194,194,194,194,194,194,194,194,194,194,194,194,194,194,194,194,194,194,194,194,194,194,194,194,194,194,194,194,194,194,194,194,194,194,194,194,194,195,2020-10-06,0.190425473410578,0.1492379334809736,0.1908885670850312,0.1708465752845668,0.1125560115006862
195,195,195,195,195,195,195,195,195,195,195,195,195,195,195,195,195,195,195,195,195,195,195,195,195,195,195,195,195,195,195,195,195,195,195,195,195,195,195,196,2020-10-07,0.2118105971979744,0.1679051328141098,0.202787968485302,0.1689926517766628,0.1596275359294473
196,196,196,196,196,196,196,196,196,196,196,196,196,196,196,196,196,196,196,196,196,196,196,196,196,196,196,196,196,196,196,196,196,196,196,196,196,196,196,197,2020-10-08,0.2199429029488468,0.1800861237563375,0.2246284971699402,0.2011263313965061,0.1694043068969867
197,197,197,197,197,197,197,197,197,197,197,197,197,197,197,197,197,197,197,197,197,197,197,197,197,197,197,197,197,197,197,197,197,197,197,197,197,197,197,198,2020-10-09,0.2139189071406614,0.1827755754036716,0.2261347429314767,0.2049885768633536,0.1247723565087968
198,198,198,198,198,198,198,198,198,198,198,198,198,198,198,198,198,198,198,198,198,198,198,198,198,198,198,198,198,198,198,198,198,198,198,198,198,198,198,199,2020-10-12,0.2274729317822238,0.1838829751766237,0.2225197946078826,0.1924750197153292,0.1073719091665805
199,199,199,199,199,199,199,199,199,199,199,199,199,199,199,199,199,199,199,199,199,199,199,199,199,199,199,199,199,199,199,199,199,199,199,199,199,199,199,200,2020-10-13,0.2390689090521648,0.2161549450010588,0.2476740392963393,0.2215187846204118,0.1729719237544787
200,200,200,200,200,200,200,200,200,200,200,200,200,200,200,200,200,200,200,200,200,200,200,200,200,200,200,200,200,200,200,200,200,200,200,200,200,200,200,201,2020-10-14,0.2283766197436296,0.1951150569835866,0.239088679329729,0.2113228465895935,0.1084133363380884
201,201,201,201,201,201,201,201,201,201,201,201,201,201,201,201,201,201,201,201,201,201,201,201,201,201,201,201,201,201,201,201,201,201,201,201,201,201,201,202,2020-10-15,0.237563148612136,0.2012846490967143,0.2354736403682592,0.2068425804215916,0.1266261352632866
202,202,202,202,202,202,202,202,202,202,202,202,202,202,202,202,202,202,202,202,202,202,202,202,202,202,202,202,202,202,202,202,202,202,202,202,202,202,202,203,2020-10-16,0.2369607354020594,0.2001772767852616,0.2445111346242915,0.2127131260539751,0.158588688032699
203,203,203,203,203,203,203,203,203,203,203,203,203,203,203,203,203,203,203,203,203,203,203,203,203,203,203,203,203,203,203,203,203,203,203,203,203,203,203,204,2020-10-19,0.2485569852571633,0.2096690585861637,0.2533979778000966,0.2258446882407231,0.0816380050257468
204,204,204,204,204,204,204,204,204,204,204,204,204,204,204,204,204,204,204,204,204,204,204,204,204,204,204,204,204,204,204,204,204,204,204,204,204,204,204,205,2020-10-20,0.2354545660842863,0.2128327285855946,0.2458665124741733,0.2283163629780821,0.1755257056820763
205,205,205,205,205,205,205,205,205,205,205,205,205,205,205,205,205,205,205,205,205,205,205,205,205,205,205,205,205,205,205,205,205,205,205,205,205,205,205,206,2020-10-21,0.2434365411178022,0.2028666042532276,0.2467705494692637,0.2159573973081398,0.1596542284240517
206,206,206,206,206,206,206,206,206,206,206,206,206,206,206,206,206,206,206,206,206,206,206,206,206,206,206,206,206,206,206,206,206,206,206,206,206,206,206,207,2020-10-22,0.238316165124732,0.1971714725195762,0.2404442748427518,0.2128676200110072,0.1354041270675511
207,207,207,207,207,207,207,207,207,207,207,207,207,207,207,207,207,207,207,207,207,207,207,207,207,207,207,207,207,207,207,207,207,207,207,207,207,207,207,208,2020-10-23,0.2469003489294525,0.2042903984463697,0.2449629683421635,0.2222914725579163,0.1185587636468377
208,208,208,208,208,208,208,208,208,208,208,208,208,208,208,208,208,208,208,208,208,208,208,208,208,208,208,208,208,208,208,208,208,208,208,208,208,208,208,209,2020-10-26,0.2440389543278788,0.2072960920082799,0.2530967848423368,0.2273895637005045,0.0695334085961709
209,209,209,209,209,209,209,209,209,209,209,209,209,209,209,209,209,209,209,209,209,209,209,209,209,209,209,209,209,209,209,209,209,209,209,209,209,209,209,210,2020-10-27,0.2295812417249107,0.1959057521488316,0.2351721869532202,0.2142578510367422,0.1073196638569167
210,210,210,210,210,210,210,210,210,210,210,210,210,210,210,210,210,210,210,210,210,210,210,210,210,210,210,210,210,210,210,210,210,210,210,210,210,210,210,211,2020-10-28,0.225063278941917,0.1865722870904486,0.2253817097639904,0.1975730704050524,0.1145512904681461
211,211,211,211,211,211,211,211,211,211,211,211,211,211,211,211,211,211,211,211,211,211,211,211,211,211,211,211,211,211,211,211,211,211,211,211,211,211,211,212,2020-10-29,0.2203948491489857,0.1846740160682688,0.2267374064043158,0.1995816331241159,0.1431016426801112
212,212,212,212,212,212,212,212,212,212,212,212,212,212,212,212,212,212,212,212,212,212,212,212,212,212,212,212,212,212,212,212,212,212,212,212,212,212,212,213,2020-10-30,0.2336475308929284,0.1998608243878318,0.2311055004580592,0.1995815780994862,0.2056878047030736
213,213,213,213,213,213,213,213,213,213,213,213,213,213,213,213,213,213,213,213,213,213,213,213,213,213,213,213,213,213,213,213,213,213,213,213,213,213,213,214,2020-11-02,0.2313885495014315,0.200968114044315,0.2009803670550898,0.2232183226173142,0.183556847485624
214,214,214,214,214,214,214,214,214,214,214,214,214,214,214,214,214,214,214,214,214,214,214,214,214,214,214,214,214,214,214,214,214,214,214,214,214,214,214,215,2020-11-03,0.2456954543630082,0.2128328384506669,0.2452642149578051,0.2137944509508366,0.2306082175813804
215,215,215,215,215,215,215,215,215,215,215,215,215,215,215,215,215,215,215,215,215,215,215,215,215,215,215,215,215,215,215,215,215,215,215,215,215,215,215,216,2020-11-04,0.2244609338781311,0.2012845298780773,0.2285447800711789,0.2204374691215102,0.1424241331822318
216,216,216,216,216,216,216,216,216,216,216,216,216,216,216,216,216,216,216,216,216,216,216,216,216,216,216,216,216,216,216,216,216,216,216,216,216,216,216,217,2020-11-05,0.2434365411178022,0.2004936301702655,0.235172337239406,0.2032892897240085,0.2103034468768072
217,217,217,217,217,217,217,217,217,217,217,217,217,217,217,217,217,217,217,217,217,217,217,217,217,217,217,217,217,217,217,217,217,217,217,217,217,217,217,218,2020-11-06,0.2452437126017416,0.2096689950448426,0.2494817431938175,0.2281619875835855,0.1040208914057545
218,218,218,218,218,218,218,218,218,218,218,218,218,218,218,218,218,218,218,218,218,218,218,218,218,218,218,218,218,218,218,218,218,218,218,218,218,218,218,219,2020-11-09,0.2530750161864478,0.2148896910778008,0.257615689666992,0.2261538424923356,0.1208594167491984
219,219,219,219,219,219,219,219,219,219,219,219,219,219,219,219,219,219,219,219,219,219,219,219,219,219,219,219,219,219,219,219,219,219,219,219,219,219,219,220,2020-11-10,0.2845504249500472,0.2553880032269712,0.2805106875532047,0.2590599984906551,0.3569027660802335
220,220,220,220,220,220,220,220,220,220,220,220,220,220,220,220,220,220,220,220,220,220,220,220,220,220,220,220,220,220,220,220,220,220,220,220,220,220,220,221,2020-11-11,0.3146701995521017,0.2759534351499743,0.3006943675792227,0.2737362477360041,0.2879738675079341
221,221,221,221,221,221,221,221,221,221,221,221,221,221,221,221,221,221,221,221,221,221,221,221,221,221,221,221,221,221,221,221,221,221,221,221,221,221,221,222,2020-11-12,0.2946405054873779,0.2784846231218604,0.3038575818225996,0.2961373489539557,0.1808178376404123
222,222,222,222,222,222,222,222,222,222,222,222,222,222,222,222,222,222,222,222,222,222,222,222,222,222,222,222,222,222,222,222,222,222,222,222,222,222,222,223,2020-11-13,0.2956946604587213,0.2598173708208901,0.2987362235187457,0.27141906449996,0.1472279424471427
223,223,223,223,223,223,223,223,223,223,223,223,223,223,223,223,223,223,223,223,223,223,223,223,223,223,223,223,223,223,223,223,223,223,223,223,223,223,223,224,2020-11-16,0.3160254929821928,0.2778516662644421,0.3177149352440006,0.2899576073180724,0.0
224,224,224,224,224,224,224,224,224,224,224,224,224,224,224,224,224,224,224,224,224,224,224,224,224,224,224,224,224,224,224,224,224,224,224,224,224,224,224,225,2020-11-17,0.329579585770046,0.2920894884197511,0.3299156402366537,0.2999995226270828,0.2376354216721342
225,225,225,225,225,225,225,225,225,225,225,225,225,225,225,225,225,225,225,225,225,225,225,225,225,225,225,225,225,225,225,225,225,225,225,225,225,225,225,226,2020-11-18,0.3621091495049888,0.3251526175609826,0.3425681918063771,0.3125130740415735,0.2176664365513705
226,226,226,226,226,226,226,226,226,226,226,226,226,226,226,226,226,226,226,226,226,226,226,226,226,226,226,226,226,226,226,226,226,226,226,226,226,226,226,227,2020-11-19,0.3819883765597749,0.3460346420520476,0.3687770260366468,0.3517534049630661,0.2419090400161282
227,227,227,227,227,227,227,227,227,227,227,227,227,227,227,227,227,227,227,227,227,227,227,227,227,227,227,227,227,227,227,227,227,227,227,227,227,227,227,228,2020-11-20,0.3990060045741155,0.3639107156033949,0.382634427320608,0.3638034398151799,0.3970049101593614
228,228,228,228,228,228,228,228,228,228,228,228,228,228,228,228,228,228,228,228,228,228,228,228,228,228,228,228,228,228,228,228,228,228,228,228,228,228,228,229,2020-11-23,0.3929818724733485,0.3647016202349879,0.4002574385081529,0.3794067547175173,0.0956892940842893
229,229,229,229,229,229,229,229,229,229,229,229,229,229,229,229,229,229,229,229,229,229,229,229,229,229,229,229,229,229,229,229,229,229,229,229,229,229,229,230,2020-11-24,0.4164757150811762,0.3881148759740398,0.4105001681648096,0.3828057469375596,0.1399638649604504
230,230,230,230,230,230,230,230,230,230,230,230,230,230,230,230,230,230,230,230,230,230,230,230,230,230,230,230,230,230,230,230,230,230,230,230,230,230,230,231,2020-11-25,0.4346983058082516,0.4169067024709889,0.441905679952996,0.4197286874741885,0.2001568798885129
231,231,231,231,231,231,231,231,231,231,231,231,231,231,231,231,231,231,231,231,231,231,231,231,231,231,231,231,231,231,231,231,231,231,231,231,231,231,231,232,2020-11-26,0.4154214919635421,0.395391998585014,0.4276715281067981,0.4120042797395298,0.1001563580352476
232,232,232,232,232,232,232,232,232,232,232,232,232,232,232,232,232,232,232,232,232,232,232,232,232,232,232,232,232,232,232,232,232,232,232,232,232,232,232,233,2020-11-27,0.4096987027603951,0.3906461280486586,0.4190858500837909,0.398100188165716,0.1231107037323245
233,233,233,233,233,233,233,233,233,233,233,233,233,233,233,233,233,233,233,233,233,233,233,233,233,233,233,233,233,233,233,233,233,233,233,233,233,233,233,234,2020-11-30,0.3850003063175768,0.3836853841265668,0.3972451791758474,0.3926930401458115,0.264649005992495
234,234,234,234,234,234,234,234,234,234,234,234,234,234,234,234,234,234,234,234,234,234,234,234,234,234,234,234,234,234,234,234,234,234,234,234,234,234,234,235,2020-12-01,0.4027709508445132,0.3738770117127609,0.3930275627961871,0.3673566950983495,0.1267578582254241
235,235,235,235,235,235,235,235,235,235,235,235,235,235,235,235,235,235,235,235,235,235,235,235,235,235,235,235,235,235,235,235,235,235,235,235,235,235,235,236,2020-12-02,0.4005120375993072,0.3700804372766099,0.4014626462394578,0.3877493676137238,0.1598002873552014
236,236,236,236,236,236,236,236,236,236,236,236,236,236,236,236,236,236,236,236,236,236,236,236,236,236,236,236,236,236,236,236,236,236,236,236,236,236,236,237,2020-12-03,0.3923795955558533,0.3654926745161899,0.4034208059128977,0.3826511526475011,0.091716911038954
237,237,237,237,237,237,237,237,237,237,237,237,237,237,237,237,237,237,237,237,237,237,237,237,237,237,237,237,237,237,237,237,237,237,237,237,237,237,237,238,2020-12-04,0.4017167277268789,0.3737188706191296,0.4062825165497475,0.3795613223128253,0.1139637556711803
238,238,238,238,238,238,238,238,238,238,238,238,238,238,238,238,238,238,238,238,238,238,238,238,238,238,238,238,238,238,238,238,238,238,238,238,238,238,238,239,2020-12-07,0.4101505126679525,0.3764874892278496,0.412006586249149,0.3903757589292664,0.1045436444180625
239,239,239,239,239,239,239,239,239,239,239,239,239,239,239,239,239,239,239,239,239,239,239,239,239,239,239,239,239,239,239,239,239,239,239,239,239,239,239,240,2020-12-08,0.4262643845745966,0.3925441306344768,0.4112531240742142,0.3885215477789201,0.2131062787765336
240,240,240,240,240,240,240,240,240,240,240,240,240,240,240,240,240,240,240,240,240,240,240,240,240,240,240,240,240,240,240,240,240,240,240,240,240,240,240,241,2020-12-09,0.4468969007271415,0.4208616748269755,0.4389684281694815,0.4135491501123933,0.2335502103518532
241,241,241,241,241,241,241,241,241,241,241,241,241,241,241,241,241,241,241,241,241,241,241,241,241,241,241,241,241,241,241,241,241,241,241,241,241,241,241,242,2020-12-10,0.4455413347118875,0.4314607073393703,0.454784023079713,0.4374949089160032,0.293458665292493
242,242,242,242,242,242,242,242,242,242,242,242,242,242,242,242,242,242,242,242,242,242,242,242,242,242,242,242,242,242,242,242,242,242,242,242,242,242,242,243,2020-12-11,0.4349993761207085,0.4121607916429761,0.4439389603573184,0.4274530652420638,0.1309690941101181
243,243,243,243,243,243,243,243,243,243,243,243,243,243,243,243,243,243,243,243,243,243,243,243,243,243,243,243,243,243,243,243,243,243,243,243,243,243,243,244,2020-12-14,0.4580411362358156,0.4357320805988027,0.4489096419537343,0.4212734948348189,0.137440074599824
244,244,244,244,244,244,244,244,244,244,244,244,244,244,244,244,244,244,244,244,244,244,244,244,244,244,244,244,244,244,244,244,244,244,244,244,244,244,244,245,2020-12-15,0.4452401281068492,0.4344664208793092,0.4535789356237679,0.4490815367030076,0.1504332011924887
245,245,245,245,245,245,245,245,245,245,245,245,245,245,245,245,245,245,245,245,245,245,245,245,245,245,245,245,245,245,245,245,245,245,245,245,245,245,245,246,2020-12-16,0.4569869131181814,0.4379467927896741,0.4583989647465255,0.4310062400773404,0.1012081622889276
246,246,246,246,246,246,246,246,246,246,246,246,246,246,246,246,246,246,246,246,246,246,246,246,246,246,246,246,246,246,246,246,246,246,246,246,246,246,246,247,2020-12-17,0.4700891278521864,0.440477873278928,0.4730096332149746,0.4535616411903946,0.2395478639316197
247,247,247,247,247,247,247,247,247,247,247,247,247,247,247,247,247,247,247,247,247,247,247,247,247,247,247,247,247,247,247,247,247,247,247,247,247,247,247,248,2020-12-18,0.4465956941221032,0.4343083064198207,0.4588510213572913,0.4506265179736524,0.4816432115617731
248,248,248,248,248,248,248,248,248,248,248,248,248,248,248,248,248,248,248,248,248,248,248,248,248,248,248,248,248,248,248,248,248,248,248,248,248,248,248,249,2020-12-21,0.4441859049892149,0.4194377558557927,0.4464994993429215,0.4308517801780449,0.0754180539515899
249,249,249,249,249,249,249,249,249,249,249,249,249,249,249,249,249,249,249,249,249,249,249,249,249,249,249,249,249,249,249,249,249,249,249,249,249,249,249,250,2020-12-22,0.4354510497356845,0.4214942221954616,0.4440895109268942,0.4251355937414456,0.098655400074607
250,250,250,250,250,250,250,250,250,250,250,250,250,250,250,250,250,250,250,250,250,250,250,250,250,250,250,250,250,250,250,250,250,250,250,250,250,250,250,251,2020-12-23,0.4468969007271415,0.4170649884572686,0.4504159836900162,0.4257538098473226,0.0630781436875579
251,251,251,251,251,251,251,251,251,251,251,251,251,251,251,251,251,251,251,251,251,251,251,251,251,251,251,251,251,251,251,251,251,251,251,251,251,251,251,252,2020-12-24,0.4464449545270024,0.4350992230760404,0.4587002561776688,0.4439833670684019,0.0319705305262266
252,252,252,252,252,252,252,252,252,252,252,252,252,252,252,252,252,252,252,252,252,252,252,252,252,252,252,252,252,252,252,252,252,252,252,252,252,252,252,253,2020-12-29,0.4593965659584882,0.4338336480823506,0.4684909485356029,0.441357105924729,0.0488622009263435
253,253,253,253,253,253,253,253,253,253,253,253,253,253,253,253,253,253,253,253,253,253,253,253,253,253,253,253,253,253,253,253,253,253,253,253,253,253,253,254,2020-12-30,0.4530713635452645,0.4240256101196606,0.4577965249174122,0.4374949521526725,0.0593952392466286
254,254,254,254,254,254,254,254,254,254,254,254,254,254,254,254,254,254,254,254,254,254,254,254,254,254,254,254,254,254,254,254,254,254,254,254,254,254,254,255,2020-12-31,0.4307826199427531,0.424500130752115,0.4430352632783249,0.4351775423044997,0.0462018889528642
255,255,255,255,255,255,255,255,255,255,255,255,255,255,255,255,255,255,255,255,255,255,255,255,255,255,255,255,255,255,255,255,255,255,255,255,255,255,255,256,2021-01-04,0.4554808800929897,0.4259237513718978,0.4439388930741429,0.4171022501872852,0.0638355507198486
256,256,256,256,256,256,256,256,256,256,256,256,256,256,256,256,256,256,256,256,256,256,256,256,256,256,256,256,256,256,256,256,256,256,256,256,256,256,256,257,2021-01-05,0.4476497809471558,0.4154828730309523,0.4486836618081434,0.4289979003293946,0.0875107137375112
257,257,257,257,257,257,257,257,257,257,257,257,257,257,257,257,257,257,257,257,257,257,257,257,257,257,257,257,257,257,257,257,257,257,257,257,257,257,257,258,2021-01-06,0.4426797356714418,0.4169063455205599,0.4455955907717096,0.4242085419609218,0.1140979379418095
258,258,258,258,258,258,258,258,258,258,258,258,258,258,258,258,258,258,258,258,258,258,258,258,258,258,258,258,258,258,258,258,258,258,258,258,258,258,258,259,2021-01-07,0.4679809542020809,0.4458568480331746,0.4669848098214825,0.4503176011870369,0.15958314841033
259,259,259,259,259,259,259,259,259,259,259,259,259,259,259,259,259,259,259,259,259,259,259,259,259,259,259,259,259,259,259,259,259,259,259,259,259,259,259,260,2021-01-08,0.4837936195036865,0.4529753983809887,0.483478062548467,0.4597412070667777,0.1256922578509375
260,260,260,260,260,260,260,260,260,260,260,260,260,260,260,260,260,260,260,260,260,260,260,260,260,260,260,260,260,260,260,260,260,260,260,260,260,260,260,261,2021-01-11,0.4767154005778671,0.4529752628529231,0.4856620655611908,0.4660751873682738,0.0893386997444058
261,261,261,261,261,261,261,261,261,261,261,261,261,261,261,261,261,261,261,261,261,261,261,261,261,261,261,261,261,261,261,261,261,261,261,261,261,261,261,262,2021-01-12,0.4875587020666658,0.4629419590534773,0.4907834869577162,0.4674657565664954,0.0953923775712745
262,262,262,262,262,262,262,262,262,262,262,262,262,262,262,262,262,262,262,262,262,262,262,262,262,262,262,262,262,262,262,262,262,262,262,262,262,262,262,263,2021-01-13,0.4889141317893384,0.4604107254163807,0.4882228571016204,0.4660753823907195,0.0921953964984125
263,263,263,263,263,263,263,263,263,263,263,263,263,263,263,263,263,263,263,263,263,263,263,263,263,263,263,263,263,263,263,263,263,263,263,263,263,263,263,264,2021-01-14,0.49433598697261,0.4651569421908976,0.4925912573020276,0.4676205102021735,0.1303870177783411
264,264,264,264,264,264,264,264,264,264,264,264,264,264,264,264,264,264,264,264,264,264,264,264,264,264,264,264,264,264,264,264,264,264,264,264,264,264,264,265,2021-01-15,0.4800286732332888,0.4662640298097613,0.4903315875039667,0.4768895621949369,0.1509232633967981
265,265,265,265,265,265,265,265,265,265,265,265,265,265,265,265,265,265,265,265,265,265,265,265,265,265,265,265,265,265,265,265,265,265,265,265,265,265,265,266,2021-01-18,0.4693359750470092,0.4484667670459337,0.4739133555299571,0.4614405101416645,0.0670935346399299
266,266,266,266,266,266,266,266,266,266,266,266,266,266,266,266,266,266,266,266,266,266,266,266,266,266,266,266,266,266,266,266,266,266,266,266,266,266,266,267,2021-01-19,0.475962656650434,0.4526592402908842,0.485210508064397,0.4598959058069771,0.1019145236742332
267,267,267,267,267,267,267,267,267,267,267,267,267,267,267,267,267,267,267,267,267,267,267,267,267,267,267,267,267,267,267,267,267,267,267,267,267,267,267,268,2021-01-20,0.464818148556597,0.4460148402909893,0.4752690237969167,0.4615951316982554,0.0787341615284614
268,268,268,268,268,268,268,268,268,268,268,268,268,268,268,268,268,268,268,268,268,268,268,268,268,268,268,268,268,268,268,268,268,268,268,268,268,268,268,269,2021-01-21,0.4791250534181737,0.4506025332155763,0.4791852903916364,0.4603591662706849,0.120415181659221
269,269,269,269,269,269,269,269,269,269,269,269,269,269,269,269,269,269,269,269,269,269,269,269,269,269,269,269,269,269,269,269,269,269,269,269,269,269,269,270,2021-01-22,0.4756614500453957,0.4480715825552501,0.483704220110433,0.4598959644538587,0.2534171641617809
270,270,270,270,270,270,270,270,270,270,270,270,270,270,270,270,270,270,270,270,270,270,270,270,270,270,270,270,270,270,270,270,270,270,270,270,270,270,270,271,2021-01-25,0.4783720369055779,0.4547155888876895,0.4835534653851118,0.4615951366010611,0.0606586639968573
271,271,271,271,271,271,271,271,271,271,271,271,271,271,271,271,271,271,271,271,271,271,271,271,271,271,271,271,271,271,271,271,271,271,271,271,271,271,271,272,2021-01-27,0.4984018672628831,0.4733828399851054,0.4995197478507968,0.4762715999214861,0.1495151593275003
272,272,272,272,272,272,272,272,272,272,272,272,272,272,272,272,272,272,272,272,272,272,272,272,272,272,272,272,272,272,272,272,272,272,272,272,272,272,272,273,2021-01-28,0.4764141939728286,0.4502860092694334,0.4699970798348661,0.4646847824950992,0.1862667055277397
273,273,273,273,273,273,273,273,273,273,273,273,273,273,273,273,273,273,273,273,273,273,273,273,273,273,273,273,273,273,273,273,273,273,273,273,273,273,273,274,2021-01-29,0.4518666734176926,0.4602525623645725,0.4621646928103206,0.4751902526703397,0.2480773456119608
274,274,274,274,274,274,274,274,274,274,274,274,274,274,274,274,274,274,274,274,274,274,274,274,274,274,274,274,274,274,274,274,274,274,274,274,274,274,274,275,2021-02-01,0.4694868509346912,0.4379469321925193,0.4416796769147261,0.4289980567704528,0.1351832091852413
275,275,275,275,275,275,275,275,275,275,275,275,275,275,275,275,275,275,275,275,275,275,275,275,275,275,275,275,275,275,275,275,275,275,275,275,275,275,275,276,2021-02-02,0.4982511276677825,0.4741737579383867,0.4918377195440665,0.4694740473299796,0.1396577110448084
276,276,276,276,276,276,276,276,276,276,276,276,276,276,276,276,276,276,276,276,276,276,276,276,276,276,276,276,276,276,276,276,276,276,276,276,276,276,276,277,2021-02-03,0.5133111853345367,0.4980615761618314,0.5184985438311821,0.4940378543290709,0.1262653966957571
277,277,277,277,277,277,277,277,277,277,277,277,277,277,277,277,277,277,277,277,277,277,277,277,277,277,277,277,277,277,277,277,277,277,277,277,277,277,277,278,2021-02-04,0.5053292103010207,0.4925243757464053,0.5130758171220865,0.5042339809056744,0.1178844932381913
278,278,278,278,278,278,278,278,278,278,278,278,278,278,278,278,278,278,278,278,278,278,278,278,278,278,278,278,278,278,278,278,278,278,278,278,278,278,278,279,2021-02-05,0.5291241232213053,0.5045474923327173,0.529494046680352,0.5093321675742264,0.113506924123075
279,279,279,279,279,279,279,279,279,279,279,279,279,279,279,279,279,279,279,279,279,279,279,279,279,279,279,279,279,279,279,279,279,279,279,279,279,279,279,280,2021-02-08,0.5288227803236853,0.509451344630131,0.5407907488104685,0.5186014119588747,0.0881562522249993
280,280,280,280,280,280,280,280,280,280,280,280,280,280,280,280,280,280,280,280,280,280,280,280,280,280,280,280,280,280,280,280,280,280,280,280,280,280,280,281,2021-02-09,0.5107510654842922,0.5017000828144762,0.5172935617078006,0.5121131084434247,0.0919065777084799
281,281,281,281,281,281,281,281,281,281,281,281,281,281,281,281,281,281,281,281,281,281,281,281,281,281,281,281,281,281,281,281,281,281,281,281,281,281,281,282,2021-02-10,0.4911731813271258,0.4979034102206185,0.4981640971955022,0.506242575396578,0.1726355383393297
282,282,282,282,282,282,282,282,282,282,282,282,282,282,282,282,282,282,282,282,282,282,282,282,282,282,282,282,282,282,282,282,282,282,282,282,282,282,282,283,2021-02-11,0.5051788795836645,0.4776541704584252,0.4903315520894057,0.4744177601547434,0.1182697049243693
283,283,283,283,283,283,283,283,283,283,283,283,283,283,283,283,283,283,283,283,283,283,283,283,283,283,283,283,283,283,283,283,283,283,283,283,283,283,283,284,2021-02-12,0.5024681564309008,0.486196885434945,0.506900386907971,0.4907936525946252,0.1130906411735148
284,284,284,284,284,284,284,284,284,284,284,284,284,284,284,284,284,284,284,284,284,284,284,284,284,284,284,284,284,284,284,284,284,284,284,284,284,284,284,285,2021-02-15,0.4982511276677825,0.4778122132072653,0.5069002476392471,0.4923383766831792,0.1227069572577582
285,285,285,285,285,285,285,285,285,285,285,285,285,285,285,285,285,285,285,285,285,285,285,285,285,285,285,285,285,285,285,285,285,285,285,285,285,285,285,286,2021-02-16,0.5108181214343732,0.4813631374827241,0.5074496659338509,0.4855600080970625,0.2269253131404511
286,286,286,286,286,286,286,286,286,286,286,286,286,286,286,286,286,286,286,286,286,286,286,286,286,286,286,286,286,286,286,286,286,286,286,286,286,286,286,287,2021-02-17,0.4858377356405032,0.4785460373489971,0.4944210219932291,0.4893332640425138,0.119359238569299
287,287,287,287,287,287,287,287,287,287,287,287,287,287,287,287,287,287,287,287,287,287,287,287,287,287,287,287,287,287,287,287,287,287,287,287,287,287,287,288,2021-02-18,0.4757229179996365,0.4549615280435393,0.4754141863390956,0.4685811297484725,0.1813131783605086
288,288,288,288,288,288,288,288,288,288,288,288,288,288,288,288,288,288,288,288,288,288,288,288,288,288,288,288,288,288,288,288,288,288,288,288,288,288,288,289,2021-02-19,0.4587115594440436,0.4436924998413041,0.4577868051300423,0.4531741497958832,0.231271990941587
289,289,289,289,289,289,289,289,289,289,289,289,289,289,289,289,289,289,289,289,289,289,289,289,289,289,289,289,289,289,289,289,289,289,289,289,289,289,289,290,2021-02-22,0.4493631149887562,0.4272721410874913,0.4588598568798913,0.4438987623428703,0.1032220360279096
290,290,290,290,290,290,290,290,290,290,290,290,290,290,290,290,290,290,290,290,290,290,290,290,290,290,290,290,290,290,290,290,290,290,290,290,290,290,290,291,2021-02-23,0.4706652365940402,0.4409556099294009,0.4570201994199229,0.4349373949210291,0.1017681648274138
291,291,291,291,291,291,291,291,291,291,291,291,291,291,291,291,291,291,291,291,291,291,291,291,291,291,291,291,291,291,291,291,291,291,291,291,291,291,291,292,2021-02-24,0.4628494022173304,0.4433706056377247,0.467903282758877,0.4558467564112152,0.0815318348786688
292,292,292,292,292,292,292,292,292,292,292,292,292,292,292,292,292,292,292,292,292,292,292,292,292,292,292,292,292,292,292,292,292,292,292,292,292,292,292,293,2021-02-25,0.4769488697699171,0.4531908058453224,0.4833847289369569,0.4597771486333495,0.1217233538273708
293,293,293,293,293,293,293,293,293,293,293,293,293,293,293,293,293,293,293,293,293,293,293,293,293,293,293,293,293,293,293,293,293,293,293,293,293,293,293,294,2021-02-26,0.4441525133067558,0.4451416549261497,0.4564074258691247,0.4459426013658361,0.2129433046016121
294,294,294,294,294,294,294,294,294,294,294,294,294,294,294,294,294,294,294,294,294,294,294,294,294,294,294,294,294,294,294,294,294,294,294,294,294,294,294,295,2021-03-01,0.4832322303606309,0.4528686267885633,0.4599326903649715,0.4343086568664438,0.1279203313612278
295,295,295,295,295,295,295,295,295,295,295,295,295,295,295,295,295,295,295,295,295,295,295,295,295,295,295,295,295,295,295,295,295,295,295,295,295,295,295,296,2021-03-02,0.4890560123666438,0.4710600927196748,0.4994792541477896,0.4769133992925707,0.1049386933382071
296,296,296,296,296,296,296,296,296,296,296,296,296,296,296,296,296,296,296,296,296,296,296,296,296,296,296,296,296,296,296,296,296,296,296,296,296,296,296,297,2021-03-03,0.5030021507650819,0.4731528941725704,0.4976397628614338,0.4712536528279913,0.1119227095725224
297,297,297,297,297,297,297,297,297,297,297,297,297,297,297,297,297,297,297,297,297,297,297,297,297,297,297,297,297,297,297,297,297,297,297,297,297,297,297,298,2021-03-04,0.518021184364815,0.4889295552367763,0.5062235869912152,0.4942068273421163,0.1906355770884343
298,298,298,298,298,298,298,298,298,298,298,298,298,298,298,298,298,298,298,298,298,298,298,298,298,298,298,298,298,298,298,298,298,298,298,298,298,298,298,299,2021-03-05,0.5190939432735284,0.495691016932859,0.5172597896885979,0.5050545147008088,0.1664456987984118
299,299,299,299,299,299,299,299,299,299,299,299,299,299,299,299,299,299,299,299,299,299,299,299,299,299,299,299,299,299,299,299,299,299,299,299,299,299,299,300,2021-03-08,0.5324270376405356,0.5256342132283547,0.5434706600849414,0.5275358192174111,0.1344518948162155
300,300,300,300,300,300,300,300,300,300,300,300,300,300,300,300,300,300,300,300,300,300,300,300,300,300,300,300,300,300,300,300,300,300,300,300,300,300,300,301,2021-03-09,0.5411625743569735,0.5309466717625404,0.5500617607024839,0.5372829538253434,0.1218004321544868
301,301,301,301,301,301,301,301,301,301,301,301,301,301,301,301,301,301,301,301,301,301,301,301,301,301,301,301,301,301,301,301,301,301,301,301,301,301,301,302,2021-03-10,0.5232317860468154,0.5150091158743797,0.5355001204667788,0.5300511565779458,0.1024754259597286
302,302,302,302,302,302,302,302,302,302,302,302,302,302,302,302,302,302,302,302,302,302,302,302,302,302,302,302,302,302,302,302,302,302,302,302,302,302,302,303,2021-03-11,0.5190939432735284,0.5130773491191818,0.5209384909711176,0.5273786716811939,0.1166342047942959
303,303,303,303,303,303,303,303,303,303,303,303,303,303,303,303,303,303,303,303,303,303,303,303,303,303,303,303,303,303,303,303,303,303,303,303,303,303,303,304,2021-03-12,0.5197069873049593,0.4985887718028452,0.5270697494047955,0.5077271117250892,0.0651329859070226
304,304,304,304,304,304,304,304,304,304,304,304,304,304,304,304,304,304,304,304,304,304,304,304,304,304,304,304,304,304,304,304,304,304,304,304,304,304,304,305,2021-03-15,0.5183277063805305,0.4987496202724022,0.5207852606516193,0.5067838275208867,0.0979931862758829
305,305,305,305,305,305,305,305,305,305,305,305,305,305,305,305,305,305,305,305,305,305,305,305,305,305,305,305,305,305,305,305,305,305,305,305,305,305,305,306,2021-03-16,0.5302816561156902,0.5105017282201407,0.5322814153984893,0.508041551106003,0.145175139654232
306,306,306,306,306,306,306,306,306,306,306,306,306,306,306,306,306,306,306,306,306,306,306,306,306,306,306,306,306,306,306,306,306,306,306,306,306,306,306,307,2021-03-17,0.5292086246218137,0.5130771619732823,0.5305950674473535,0.5133865812441465,0.1236968589172096
307,307,307,307,307,307,307,307,307,307,307,307,307,307,307,307,307,307,307,307,307,307,307,307,307,307,307,307,307,307,307,307,307,307,307,307,307,307,307,308,2021-03-18,0.5083659453086493,0.4988299883646474,0.51695305594598,0.5132292823037155,0.2400023561375013
308,308,308,308,308,308,308,308,308,308,308,308,308,308,308,308,308,308,308,308,308,308,308,308,308,308,308,308,308,308,308,308,308,308,308,308,308,308,308,309,2021-03-19,0.4924274819543512,0.4794312439570234,0.4999389280939829,0.4909051535240856,0.5505433782129141
309,309,309,309,309,309,309,309,309,309,309,309,309,309,309,309,309,309,309,309,309,309,309,309,309,309,309,309,309,309,309,309,309,309,309,309,309,309,309,310,2021-03-22,0.4980979348062155,0.4725088589871784,0.4929646270224225,0.4783280936633571,0.0820536281608337
310,310,310,310,310,310,310,310,310,310,310,310,310,310,310,310,310,310,310,310,310,310,310,310,310,310,310,310,310,310,310,310,310,310,310,310,310,310,310,311,2021-03-23,0.4933471842940791,0.472589540197381,0.496873457771792,0.4707821826145952,0.0790322777041551
311,311,311,311,311,311,311,311,311,311,311,311,311,311,311,311,311,311,311,311,311,311,311,311,311,311,311,311,311,311,311,311,311,311,311,311,311,311,311,312,2021-03-24,0.517867991503248,0.4903784642861959,0.5046907824706871,0.4838308368644173,0.1049680250907049
312,312,312,312,312,312,312,312,312,312,312,312,312,312,312,312,312,312,312,312,312,312,312,312,312,312,312,312,312,312,312,312,312,312,312,312,312,312,312,313,2021-03-25,0.520473087905376,0.4985885405422698,0.5212449120642272,0.5017528531812161,0.1076396138933654
313,313,313,313,313,313,313,313,313,313,313,313,313,313,313,313,313,313,313,313,313,313,313,313,313,313,313,313,313,313,313,313,313,313,313,313,313,313,313,314,2021-03-26,0.5121972660662206,0.4998762642723633,0.5233907684393514,0.511657136360578,0.1293387525295637
314,314,314,314,314,314,314,314,314,314,314,314,314,314,314,314,314,314,314,314,314,314,314,314,314,314,314,314,314,314,314,314,314,314,314,314,314,314,314,315,2021-03-29,0.5056075197523728,0.492471167637994,0.516340080483323,0.5014385074116636,0.0724984948732115
315,315,315,315,315,315,315,315,315,315,315,315,315,315,315,315,315,315,315,315,315,315,315,315,315,315,315,315,315,315,315,315,315,315,315,315,315,315,315,316,2021-03-30,0.5030021507650819,0.4895733514702065,0.51112841082774,0.4934206813480088,0.0824891057132555
316,316,316,316,316,316,316,316,316,316,316,316,316,316,316,316,316,316,316,316,316,316,316,316,316,316,316,316,316,316,316,316,316,316,316,316,316,316,316,317,2021-03-31,0.513730148729961,0.5011645602575294,0.5213985227808925,0.4989233282488254,0.1749172967544985
317,317,317,317,317,317,317,317,317,317,317,317,317,317,317,317,317,317,317,317,317,317,317,317,317,317,317,317,317,317,317,317,317,317,317,317,317,317,317,318,2021-04-01,0.5154156790849427,0.4887684419114,0.5172596039598111,0.4979796853939962,0.088639836250843
318,318,318,318,318,318,318,318,318,318,318,318,318,318,318,318,318,318,318,318,318,318,318,318,318,318,318,318,318,318,318,318,318,318,318,318,318,318,318,319,2021-04-06,0.5126572535286662,0.4981056726737565,0.5249237931689777,0.513701107720091,0.1008707571605016
319,319,319,319,319,319,319,319,319,319,319,319,319,319,319,319,319,319,319,319,319,319,319,319,319,319,319,319,319,319,319,319,319,319,319,319,319,319,319,320,2021-04-07,0.520319895043809,0.4945640050505961,0.520325359692439,0.4997091095898582,0.0953994555810797
320,320,320,320,320,320,320,320,320,320,320,320,320,320,320,320,320,320,320,320,320,320,320,320,320,320,320,320,320,320,320,320,320,320,320,320,320,320,320,321,2021-04-08,0.5293619537759622,0.5128357380490469,0.5358065921833394,0.5129150056054148,0.1374204001318909
321,321,321,321,321,321,321,321,321,321,321,321,321,321,321,321,321,321,321,321,321,321,321,321,321,321,321,321,321,321,321,321,321,321,321,321,321,321,321,322,2021-04-09,0.5295151466375292,0.5067988090701978,0.5312082675951467,0.5176313335264453,0.0775852445809287
322,322,322,322,322,322,322,322,322,322,322,322,322,322,322,322,322,322,322,322,322,322,322,322,322,322,322,322,322,322,322,322,322,322,322,322,322,322,322,323,2021-04-12,0.5232317860468154,0.5061548691991249,0.5313614794976139,0.5162164940864125,0.0730423019655333
323,323,323,323,323,323,323,323,323,323,323,323,323,323,323,323,323,323,323,323,323,323,323,323,323,323,323,323,323,323,323,323,323,323,323,323,323,323,323,324,2021-04-13,0.5304347126846758,0.5064768492766369,0.5341204783660921,0.508984672932288,0.0736421932880912
324,324,324,324,324,324,324,324,324,324,324,324,324,324,324,324,324,324,324,324,324,324,324,324,324,324,324,324,324,324,324,324,324,324,324,324,324,324,324,325,2021-04-14,0.5397832934325444,0.5133992722793557,0.5402517675641535,0.518417446764109,0.0998104952849358
325,325,325,325,325,325,325,325,325,325,325,325,325,325,325,325,325,325,325,325,325,325,325,325,325,325,325,325,325,325,325,325,325,325,325,325,325,325,325,326,2021-04-15,0.5414690963726889,0.5150090948805617,0.5420911700029126,0.5302083822248107,0.0942322437776946
326,326,326,326,326,326,326,326,326,326,326,326,326,326,326,326,326,326,326,326,326,326,326,326,326,326,326,326,326,326,326,326,326,326,326,326,326,326,326,327,2021-04-16,0.5426951844355508,0.5151702622440484,0.5466896565783622,0.5251777286018928,0.1484718126957062
327,327,327,327,327,327,327,327,327,327,327,327,327,327,327,327,327,327,327,327,327,327,327,327,327,327,327,327,327,327,327,327,327,327,327,327,327,327,327,328,2021-04-19,0.5557217567868424,0.5323956522356172,0.5569595019350265,0.5379118649408325,0.1073905039381027
328,328,328,328,328,328,328,328,328,328,328,328,328,328,328,328,328,328,328,328,328,328,328,328,328,328,328,328,328,328,328,328,328,328,328,328,328,328,328,329,2021-04-20,0.5388638636779794,0.5283711085297422,0.548529109279735,0.5410562778593557,0.0890648167548248
329,329,329,329,329,329,329,329,329,329,329,329,329,329,329,329,329,329,329,329,329,329,329,329,329,329,329,329,329,329,329,329,329,329,329,329,329,329,329,330,2021-04-21,0.5454536099918272,0.5199995813822682,0.538259135273152,0.5152732157877389,0.1451753196036338
330,330,330,330,330,330,330,330,330,330,330,330,330,330,330,330,330,330,330,330,330,330,330,330,330,330,330,330,330,330,330,330,330,330,330,330,330,330,330,331,2021-04-22,0.5603193144374119,0.5333613928362952,0.559871628385825,0.5391694656398207,0.1558441597391645
331,331,331,331,331,331,331,331,331,331,331,331,331,331,331,331,331,331,331,331,331,331,331,331,331,331,331,331,331,331,331,331,331,331,331,331,331,331,331,332,2021-04-23,0.5641507714875649,0.5373861257767287,0.5666161032837455,0.5449864685599917,0.0759601815161613
332,332,332,332,332,332,332,332,332,332,332,332,332,332,332,332,332,332,332,332,332,332,332,332,332,332,332,332,332,332,332,332,332,332,332,332,332,332,332,333,2021-04-26,0.5589401698055645,0.5470452234481313,0.5699882921969878,0.5577206457097335,0.052559441336285
333,333,333,333,333,333,333,333,333,333,333,333,333,333,333,333,333,333,333,333,333,333,333,333,333,333,333,333,333,333,333,333,333,333,333,333,333,333,333,334,2021-04-27,0.5632312054404183,0.538512938757244,0.5612512311456531,0.5459296278594346,0.0891172420138905
334,334,334,334,334,334,334,334,334,334,334,334,334,334,334,334,334,334,334,334,334,334,334,334,334,334,334,334,334,334,334,334,334,334,334,334,334,334,334,335,2021-04-28,0.5767174926689924,0.5567041696843866,0.5781119991710014,0.5539474289365358,0.1266533076229626
335,335,335,335,335,335,335,335,335,335,335,335,335,335,335,335,335,335,335,335,335,335,335,335,335,335,335,335,335,335,335,335,335,335,335,335,335,335,335,336,2021-04-29,0.573499215942852,0.5602459261792612,0.5840899864796475,0.5710835962098915,0.0770638711807014
336,336,336,336,336,336,336,336,336,336,336,336,336,336,336,336,336,336,336,336,336,336,336,336,336,336,336,336,336,336,336,336,336,336,336,336,336,336,336,337,2021-04-30,0.558786840651416,0.5436645001472056,0.5676890183834938,0.5581922209406214,0.1410610764465247
337,337,337,337,337,337,337,337,337,337,337,337,337,337,337,337,337,337,337,337,337,337,337,337,337,337,337,337,337,337,337,337,337,337,337,337,337,337,337,338,2021-05-03,0.5689015219997011,0.547045116897072,0.5736668927564096,0.5533186095056504,0.0852765219475587
338,338,338,338,338,338,338,338,338,338,338,338,338,338,338,338,338,338,338,338,338,338,338,338,338,338,338,338,338,338,338,338,338,338,338,338,338,338,338,339,2021-05-04,0.5803956205649969,0.5576702197251973,0.5790316960440874,0.5607076259541746,0.0977447361350935
339,339,339,339,339,339,339,339,339,339,339,339,339,339,339,339,339,339,339,339,339,339,339,339,339,339,339,339,339,339,339,339,339,339,339,339,339,339,339,340,2021-05-05,0.6151845745691809,0.5909943029400313,0.609687912540258,0.6011113554179179,0.1647121862274765
340,340,340,340,340,340,340,340,340,340,340,340,340,340,340,340,340,340,340,340,340,340,340,340,340,340,340,340,340,340,340,340,340,340,340,340,340,340,340,341,2021-05-06,0.6185560441568885,0.5971115470998256,0.6159723243387868,0.6088145842015609,0.1878511600108281
341,341,341,341,341,341,341,341,341,341,341,341,341,341,341,341,341,341,341,341,341,341,341,341,341,341,341,341,341,341,341,341,341,341,341,341,341,341,341,342,2021-05-07,0.6335748051714585,0.6132099611658428,0.6256288398082849,0.6088144627683936,0.1622506583598823
342,342,342,342,342,342,342,342,342,342,342,342,342,342,342,342,342,342,342,342,342,342,342,342,342,342,342,342,342,342,342,342,342,342,342,342,342,342,342,343,2021-05-10,0.6524252958213446,0.6305965498673654,0.644022705090857,0.6229637479688448,0.0960096040195418
343,343,343,343,343,343,343,343,343,343,343,343,343,343,343,343,343,343,343,343,343,343,343,343,343,343,343,343,343,343,343,343,343,343,343,343,343,343,343,344,2021-05-11,0.6436898953974881,0.6357481884735303,0.6509203877279509,0.6402572125545531,0.1157330781730792
344,344,344,344,344,344,344,344,344,344,344,344,344,344,344,344,344,344,344,344,344,344,344,344,344,344,344,344,344,344,344,344,344,344,344,344,344,344,344,345,2021-05-12,0.6588621218587882,0.636875141752204,0.6447891977354213,0.6245360138849616,0.1828367499626455
345,345,345,345,345,345,345,345,345,345,345,345,345,345,345,345,345,345,345,345,345,345,345,345,345,345,345,345,345,345,345,345,345,345,345,345,345,345,345,346,2021-05-13,0.6651454824495022,0.6518466501818896,0.6596573014929882,0.6470172809684349,0.1265582343556638
346,346,346,346,346,346,346,346,346,346,346,346,346,346,346,346,346,346,346,346,346,346,346,346,346,346,346,346,346,346,346,346,346,346,346,346,346,346,346,347,2021-05-14,0.6743407340432224,0.6660133231917065,0.6840289740981637,0.6756299634120371,0.105592809413849
347,347,347,347,347,347,347,347,347,347,347,347,347,347,347,347,347,347,347,347,347,347,347,347,347,347,347,347,347,347,347,347,347,347,347,347,347,347,347,348,2021-05-17,0.6928845663848113,0.6824339508154187,0.6916930471777979,0.6715424492211692,0.0948057425213178
348,348,348,348,348,348,348,348,348,348,348,348,348,348,348,348,348,348,348,348,348,348,348,348,348,348,348,348,348,348,348,348,348,348,348,348,348,348,348,349,2021-05-18,0.6924248515075289,0.689597828537722,0.7047219024944503,0.6929233984257628,0.0935717694898548
349,349,349,349,349,349,349,349,349,349,349,349,349,349,349,349,349,349,349,349,349,349,349,349,349,349,349,349,349,349,349,349,349,349,349,349,349,349,349,350,2021-05-19,0.655030528516054,0.6598958165109203,0.6639490417295576,0.666825995777214,0.1572155541304896
350,350,350,350,350,350,350,350,350,350,350,350,350,350,350,350,350,350,350,350,350,350,350,350,350,350,350,350,350,350,350,350,350,350,350,350,350,350,350,351,2021-05-20,0.7022331471326801,0.6837219089831457,0.6755985824591689,0.6573933378576091,0.1754847372015936
351,351,351,351,351,351,351,351,351,351,351,351,351,351,351,351,351,351,351,351,351,351,351,351,351,351,351,351,351,351,351,351,351,351,351,351,351,351,351,352,2021-05-21,0.6968692162965313,0.6851706718028194,0.7018095027150092,0.6872637040739036,0.246672360665628
352,352,352,352,352,352,352,352,352,352,352,352,352,352,352,352,352,352,352,352,352,352,352,352,352,352,352,352,352,352,352,352,352,352,352,352,352,352,352,353,2021-05-24,0.7077504071229774,0.6946690129983044,0.7030359049802432,0.6874210836479102,0.0805416932866816
353,353,353,353,353,353,353,353,353,353,353,353,353,353,353,353,353,353,353,353,353,353,353,353,353,353,353,353,353,353,353,353,353,353,353,353,353,353,353,354,2021-05-25,0.7210832289048217,0.7025570002753001,0.7175972650412284,0.7010983651580842,0.0705230703230865
354,354,354,354,354,354,354,354,354,354,354,354,354,354,354,354,354,354,354,354,354,354,354,354,354,354,354,354,354,354,354,354,354,354,354,354,354,354,354,355,2021-05-26,0.7203172645969866,0.711411375198417,0.7275607623418755,0.7070726425191269,0.0975241781515873
355,355,355,355,355,355,355,355,355,355,355,355,355,355,355,355,355,355,355,355,355,355,355,355,355,355,355,355,355,355,355,355,355,355,355,355,355,355,355,356,2021-05-27,0.710968683849118,0.7094795836265002,0.7197433774375063,0.7133611256259109,0.1882195764195023
356,356,356,356,356,356,356,356,356,356,356,356,356,356,356,356,356,356,356,356,356,356,356,356,356,356,356,356,356,356,356,356,356,356,356,356,356,356,356,357,2021-05-28,0.7353360256115569,0.7172067324469327,0.7209695730601856,0.7045570608386411,0.1471263310182443
357,357,357,357,357,357,357,357,357,357,357,357,357,357,357,357,357,357,357,357,357,357,357,357,357,357,357,357,357,357,357,357,357,357,357,357,357,357,357,358,2021-05-31,0.7224626461218322,0.7323393439113386,0.7336918360358228,0.7301827308502999,0.1107039722570807
358,358,358,358,358,358,358,358,358,358,358,358,358,358,358,358,358,358,358,358,358,358,358,358,358,358,358,358,358,358,358,358,358,358,358,358,358,358,358,359,2021-06-01,0.7184778599175308,0.7052936490136936,0.7212758964258957,0.7089589212176852,0.052823966956971
359,359,359,359,359,359,359,359,359,359,359,359,359,359,359,359,359,359,359,359,359,359,359,359,359,359,359,359,359,359,359,359,359,359,359,359,359,359,359,360,2021-06-02,0.7318114994548639,0.7149532233376543,0.7284805489401726,0.7188637307688328,0.0985143797267084
360,360,360,360,360,360,360,360,360,360,360,360,360,360,360,360,360,360,360,360,360,360,360,360,360,360,360,360,360,360,360,360,360,360,360,360,360,360,360,361,2021-06-03,0.745297786683438,0.7379740670181536,0.7450348078749277,0.7267242845771975,0.0917731152354581
361,361,361,361,361,361,361,361,361,361,361,361,361,361,361,361,361,361,361,361,361,361,361,361,361,361,361,361,361,361,361,361,361,361,361,361,361,361,361,362,2021-06-04,0.7653738202258601,0.750691637247567,0.7620486865982997,0.746218327232032,0.1225075733205337
362,362,362,362,362,362,362,362,362,362,362,362,362,362,362,362,362,362,362,362,362,362,362,362,362,362,362,362,362,362,362,362,362,362,362,362,362,362,362,363,2021-06-07,0.7563320340788698,0.7452183784804269,0.761589039143829,0.7542363824850941,0.0538544771981014
363,363,363,363,363,363,363,363,363,363,363,363,363,363,363,363,363,363,363,363,363,363,363,363,363,363,363,363,363,363,363,363,363,363,363,363,363,363,363,364,2021-06-08,0.7494354931641434,0.7471499848650527,0.7499395511860282,0.7479477196468616,0.111103519912271
364,364,364,364,364,364,364,364,364,364,364,364,364,364,364,364,364,364,364,364,364,364,364,364,364,364,364,364,364,364,364,364,364,364,364,364,364,364,364,365,2021-06-09,0.7433051891424152,0.738939713499603,0.753464957423369,0.7405586089763143,0.0885201698986279
365,365,365,365,365,365,365,365,365,365,365,365,365,365,365,365,365,365,365,365,365,365,365,365,365,365,365,365,365,365,365,365,365,365,365,365,365,365,365,366,2021-06-10,0.755105946016008,0.7423206113568914,0.7508593051360689,0.7345847871547053,0.0864183608852862
366,366,366,366,366,366,366,366,366,366,366,366,366,366,366,366,366,366,366,366,366,366,366,366,366,366,366,366,366,366,366,366,366,366,366,366,366,366,366,367,2021-06-11,0.747596497362432,0.7354786740611521,0.751625747228296,0.7345847793699525,0.0833905322501419
367,367,367,367,367,367,367,367,367,367,367,367,367,367,367,367,367,367,367,367,367,367,367,367,367,367,367,367,367,367,367,367,367,367,367,367,367,367,367,368,2021-06-15,0.7796266169325953,0.7680782148704804,0.7614356667538641,0.7424453789942258,0.1166984467307482
368,368,368,368,368,368,368,368,368,368,368,368,368,368,368,368,368,368,368,368,368,368,368,368,368,368,368,368,368,368,368,368,368,368,368,368,368,368,368,369,2021-06-16,0.8006227616924896,0.7877186939472892,0.7913256734585125,0.7819059981675979,0.1454525016655816
369,369,369,369,369,369,369,369,369,369,369,369,369,369,369,369,369,369,369,369,369,369,369,369,369,369,369,369,369,369,369,369,369,369,369,369,369,369,369,370,2021-06-17,0.8173273256472043,0.8139590148301407,0.8173830832796988,0.8053303882063177,0.2147336212003908
370,370,370,370,370,370,370,370,370,370,370,370,370,370,370,370,370,370,370,370,370,370,370,370,370,370,370,370,370,370,370,370,370,370,370,370,370,370,370,371,2021-06-18,0.7833048811211812,0.7951238441536305,0.7956173568682626,0.8029722663191429,0.4854815323027471
371,371,371,371,371,371,371,371,371,371,371,371,371,371,371,371,371,371,371,371,371,371,371,371,371,371,371,371,371,371,371,371,371,371,371,371,371,371,371,372,2021-06-21,0.6970224091580983,0.7374909539824712,0.7093202404729352,0.7459040666705199,0.2651045179116535
372,372,372,372,372,372,372,372,372,372,372,372,372,372,372,372,372,372,372,372,372,372,372,372,372,372,372,372,372,372,372,372,372,372,372,372,372,372,372,373,2021-06-22,0.7302786167911235,0.7275096856482031,0.7366040430688657,0.7246802697579935,0.1502798843021319
373,373,373,373,373,373,373,373,373,373,373,373,373,373,373,373,373,373,373,373,373,373,373,373,373,373,373,373,373,373,373,373,373,373,373,373,373,373,373,374,2021-06-23,0.7144933462983925,0.7109282585619721,0.7225023057442271,0.7168196900689621,0.1166307257725272
374,374,374,374,374,374,374,374,374,374,374,374,374,374,374,374,374,374,374,374,374,374,374,374,374,374,374,374,374,374,374,374,374,374,374,374,374,374,374,375,2021-06-24,0.7060644678902517,0.6949907929638737,0.7114661379854882,0.7031422078935614,0.1182961574864379
375,375,375,375,375,375,375,375,375,375,375,375,375,375,375,375,375,375,375,375,375,375,375,375,375,375,375,375,375,375,375,375,375,375,375,375,375,375,375,376,2021-06-25,0.7154129123455388,0.7080304732341716,0.7200498368968545,0.718391749509828,0.1214068828126907
376,376,376,376,376,376,376,376,376,376,376,376,376,376,376,376,376,376,376,376,376,376,376,376,376,376,376,376,376,376,376,376,376,376,376,376,376,376,376,377,2021-06-28,0.7247616293859891,0.7060989162148441,0.7129991223299948,0.7102168135191185,0.0816279278592445
377,377,377,377,377,377,377,377,377,377,377,377,377,377,377,377,377,377,377,377,377,377,377,377,377,377,377,377,377,377,377,377,377,377,377,377,377,377,377,378,2021-06-29,0.7341100738412762,0.7162408549404282,0.7200499229721705,0.7048715489321014,0.0953485299003626
378,378,378,378,378,378,378,378,378,378,378,378,378,378,378,378,378,378,378,378,378,378,378,378,378,378,378,378,378,378,378,378,378,378,378,378,378,378,378,379,2021-06-30,0.7247616293859891,0.7242902241648042,0.7370641687848888,0.7326982160748374,0.1149776505842087
379,379,379,379,379,379,379,379,379,379,379,379,379,379,379,379,379,379,379,379,379,379,379,379,379,379,379,379,379,379,379,379,379,379,379,379,379,379,379,380,2021-07-01,0.706830841075831,0.708191773032266,0.7163712818612867,0.7165054287282422,0.1055048141563555
380,380,380,380,380,380,380,380,380,380,380,380,380,380,380,380,380,380,380,380,380,380,380,380,380,380,380,380,380,380,380,380,380,380,380,380,380,380,380,381,2021-07-02,0.7189378473799763,0.7001423763097046,0.7197433550462972,0.7055004740349207,0.091782532587487
381,381,381,381,381,381,381,381,381,381,381,381,381,381,381,381,381,381,381,381,381,381,381,381,381,381,381,381,381,381,381,381,381,381,381,381,381,381,381,382,2021-07-05,0.7141869605752584,0.6994983854866583,0.7194368128101022,0.7036138465591664,0.051572298900995
382,382,382,382,382,382,382,382,382,382,382,382,382,382,382,382,382,382,382,382,382,382,382,382,382,382,382,382,382,382,382,382,382,382,382,382,382,382,382,383,2021-07-06,0.705604753012969,0.7075476672043026,0.7179040409800116,0.7110028671853883,0.1007737644329167
383,383,383,383,383,383,383,383,383,383,383,383,383,383,383,383,383,383,383,383,383,383,383,383,383,383,383,383,383,383,383,383,383,383,383,383,383,383,383,384,2021-07-07,0.7223093169676837,0.7035228981514825,0.713765274344503,0.6952814815417103,0.0916900385949478
384,384,384,384,384,384,384,384,384,384,384,384,384,384,384,384,384,384,384,384,384,384,384,384,384,384,384,384,384,384,384,384,384,384,384,384,384,384,384,385,2021-07-08,0.7189378473799763,0.711089389364751,0.7258746015186565,0.7088019235754515,0.087377671146427
385,385,385,385,385,385,385,385,385,385,385,385,385,385,385,385,385,385,385,385,385,385,385,385,385,385,385,385,385,385,385,385,385,385,385,385,385,385,385,386,2021-07-09,0.7051449018431051,0.6903222443978214,0.7039554631773387,0.697639834085807,0.1421719640871379
386,386,386,386,386,386,386,386,386,386,386,386,386,386,386,386,386,386,386,386,386,386,386,386,386,386,386,386,386,386,386,386,386,386,386,386,386,386,386,387,2021-07-12,0.71403363142111,0.699981277960156,0.719436771139918,0.7086446008261749,0.0695570419509442
387,387,387,387,387,387,387,387,387,387,387,387,387,387,387,387,387,387,387,387,387,387,387,387,387,387,387,387,387,387,387,387,387,387,387,387,387,387,387,388,2021-07-13,0.7020798179785317,0.7101234621424537,0.7136120580329975,0.7188634656370894,0.1151316272890388
388,388,388,388,388,388,388,388,388,388,388,388,388,388,388,388,388,388,388,388,388,388,388,388,388,388,388,388,388,388,388,388,388,388,388,388,388,388,388,389,2021-07-14,0.70805665655353,0.6928979441552683,0.707634045807218,0.6937093978629005,0.1014551728345024
389,389,389,389,389,389,389,389,389,389,389,389,389,389,389,389,389,389,389,389,389,389,389,389,389,389,389,389,389,389,389,389,389,389,389,389,389,389,389,390,2021-07-15,0.7008538662082513,0.6941859377263151,0.710086782932381,0.7029850796783437,0.1017328947446557
390,390,390,390,390,390,390,390,390,390,390,390,390,390,390,390,390,390,390,390,390,390,390,390,390,390,390,390,390,390,390,390,390,390,390,390,390,390,390,391,2021-07-16,0.6990145978213769,0.6811458546677132,0.7024224670621301,0.6922943236338557,0.1677793637984871
391,391,391,391,391,391,391,391,391,391,391,391,391,391,391,391,391,391,391,391,391,391,391,391,391,391,391,391,391,391,391,391,391,391,391,391,391,391,391,392,2021-07-19,0.6911986271520856,0.6748674803670403,0.6814230321655653,0.6756298769615237,0.0758624090078351
392,392,392,392,392,392,392,392,392,392,392,392,392,392,392,392,392,392,392,392,392,392,392,392,392,392,392,392,392,392,392,392,392,392,392,392,392,392,392,393,2021-07-20,0.690125868243372,0.674384563057171,0.6782041724218028,0.6622668527484423,0.1106003214016282
393,393,393,393,393,393,393,393,393,393,393,393,393,393,393,393,393,393,393,393,393,393,393,393,393,393,393,393,393,393,393,393,393,393,393,393,393,393,393,394,2021-07-21,0.7025393965632327,0.6898390907226124,0.705334844689126,0.6913510967198795,0.0925987230910412
394,394,394,394,394,394,394,394,394,394,394,394,394,394,394,394,394,394,394,394,394,394,394,394,394,394,394,394,394,394,394,394,394,394,394,394,394,394,394,395,2021-07-22,0.7249148222475561,0.7062598368119217,0.7226557790670948,0.7028279462507814,0.1013091738864866
395,395,395,395,395,395,395,395,395,395,395,395,395,395,395,395,395,395,395,395,395,395,395,395,395,395,395,395,395,395,395,395,395,395,395,395,395,395,395,396,2021-07-23,0.7132675308206933,0.6985325757472569,0.7202032055146493,0.703142289739817,0.0724036015553146
396,396,396,396,396,396,396,396,396,396,396,396,396,396,396,396,396,396,396,396,396,396,396,396,396,396,396,396,396,396,396,396,396,396,396,396,396,396,396,397,2021-07-26,0.713574052836409,0.7048110651888231,0.7206632096026074,0.7066010515353689,0.0634545378530464
397,397,397,397,397,397,397,397,397,397,397,397,397,397,397,397,397,397,397,397,397,397,397,397,397,397,397,397,397,397,397,397,397,397,397,397,397,397,397,398,2021-07-27,0.7376347362905509,0.7207482932575484,0.7277904245674948,0.7092733529624018,0.1318023798068459
398,398,398,398,398,398,398,398,398,398,398,398,398,398,398,398,398,398,398,398,398,398,398,398,398,398,398,398,398,398,398,398,398,398,398,398,398,398,398,399,2021-07-28,0.7160260926695512,0.7138261146084841,0.725414781023772,0.7193351394775864,0.1183491225937091
399,399,399,399,399,399,399,399,399,399,399,399,399,399,399,399,399,399,399,399,399,399,399,399,399,399,399,399,399,399,399,399,399,399,399,399,399,399,399,400,2021-07-29,0.7183246670559638,0.7009471968538561,0.7223490664826059,0.7080156611170048,0.0836322642799297
400,400,400,400,400,400,400,400,400,400,400,400,400,400,400,400,400,400,400,400,400,400,400,400,400,400,400,400,400,400,400,400,400,400,400,400,400,400,400,401,2021-07-30,0.7213897509205371,0.7108476828285024,0.7306260367667664,0.7135181171163181,0.1290960007864988
401,401,401,401,401,401,401,401,401,401,401,401,401,401,401,401,401,401,401,401,401,401,401,401,401,401,401,401,401,401,401,401,401,401,401,401,401,401,401,402,2021-08-02,0.7521943275981645,0.7460233539612839,0.7338454046749271,0.7171343222993898,0.1179843651562053
402,402,402,402,402,402,402,402,402,402,402,402,402,402,402,402,402,402,402,402,402,402,402,402,402,402,402,402,402,402,402,402,402,402,402,402,402,402,402,403,2021-08-03,0.7489757782868609,0.7363641471662823,0.7546913577665527,0.7348991986719964,0.0773219786060555
403,403,403,403,403,403,403,403,403,403,403,403,403,403,403,403,403,403,403,403,403,403,403,403,403,403,403,403,403,403,403,403,403,403,403,403,403,403,403,404,2021-08-04,0.7609295917294393,0.7484379047913587,0.7620487368602457,0.7424453110696023,0.0915287439477767
404,404,404,404,404,404,404,404,404,404,404,404,404,404,404,404,404,404,404,404,404,404,404,404,404,404,404,404,404,404,404,404,404,404,404,404,404,404,404,405,2021-08-05,0.7790135729011644,0.7677560397264452,0.7744643648929191,0.7581665047467038,0.0986453229081047
405,405,405,405,405,405,405,405,405,405,405,405,405,405,405,405,405,405,405,405,405,405,405,405,405,405,405,405,405,405,405,405,405,405,405,405,405,405,405,406,2021-08-06,0.7842243108757462,0.7761274962793988,0.7893327369047943,0.7738879026775715,0.0939680180726783
406,406,406,406,406,406,406,406,406,406,406,406,406,406,406,406,406,406,406,406,406,406,406,406,406,406,406,406,406,406,406,406,406,406,406,406,406,406,406,407,2021-08-09,0.8024617574942011,0.7980216448373102,0.8042010867634476,0.7936968385264364,0.0923046857684556
407,407,407,407,407,407,407,407,407,407,407,407,407,407,407,407,407,407,407,407,407,407,407,407,407,407,407,407,407,407,407,407,407,407,407,407,407,407,407,408,2021-08-10,0.8272889504265041,0.8137981755004734,0.8186095255550335,0.8078460215591626,0.1203231075486195
408,408,408,408,408,408,408,408,408,408,408,408,408,408,408,408,408,408,408,408,408,408,408,408,408,408,408,408,408,408,408,408,408,408,408,408,408,408,408,409,2021-08-11,0.8519628142046584,0.85356145512083,0.848345748988525,0.8564245146729975,0.1958010246678839
409,409,409,409,409,409,409,409,409,409,409,409,409,409,409,409,409,409,409,409,409,409,409,409,409,409,409,409,409,409,409,409,409,409,409,409,409,409,409,410,2021-08-12,0.8168674744773402,0.8517905731444456,0.8209084816521252,0.858153830700959,0.209376827423665
410,410,410,410,410,410,410,410,410,410,410,410,410,410,410,410,410,410,410,410,410,410,410,410,410,410,410,410,410,410,410,410,410,410,410,410,410,410,410,411,2021-08-13,0.7885153465106,0.8089684563320129,0.7946974604773916,0.8131909676114205,0.2030337909586582
411,411,411,411,411,411,411,411,411,411,411,411,411,411,411,411,411,411,411,411,411,411,411,411,411,411,411,411,411,411,411,411,411,411,411,411,411,411,411,412,2021-08-16,0.7656804785341572,0.7666292462757162,0.776150553994201,0.774673967817794,0.2102592393070916
412,412,412,412,412,412,412,412,412,412,412,412,412,412,412,412,412,412,412,412,412,412,412,412,412,412,412,412,412,412,412,412,412,412,412,412,412,412,412,413,2021-08-17,0.7416098457215681,0.7549927450846566,0.7539152447112626,0.7610402902827876,0.2183299699790413
413,413,413,413,413,413,413,413,413,413,413,413,413,413,413,413,413,413,413,413,413,413,413,413,413,413,413,413,413,413,413,413,413,413,413,413,413,413,413,414,2021-08-18,0.7536451621278627,0.7495745407384053,0.7582924806016548,0.7419598223703328,0.1610844062866403
414,414,414,414,414,414,414,414,414,414,414,414,414,414,414,414,414,414,414,414,414,414,414,414,414,414,414,414,414,414,414,414,414,414,414,414,414,414,414,415,2021-08-19,0.7450483712593565,0.7413649514813794,0.7554783544222313,0.7360271318976592,0.1134834107345696
415,415,415,415,415,415,415,415,415,415,415,415,415,415,415,415,415,415,415,415,415,415,415,415,415,415,415,415,415,415,415,415,415,415,415,415,415,415,415,416,2021-08-20,0.7458300092140602,0.7517089449294784,0.7578235175011915,0.750137200578323,0.1361825281967216
416,416,416,416,416,416,416,416,416,416,416,416,416,416,416,416,416,416,416,416,416,416,416,416,416,416,416,416,416,416,416,416,416,416,416,416,416,416,416,417,2021-08-23,0.7598971754248395,0.7430068568942361,0.763607615596373,0.7483733026056751,0.0585588344269358
417,417,417,417,417,417,417,417,417,417,417,417,417,417,417,417,417,417,417,417,417,417,417,417,417,417,417,417,417,417,417,417,417,417,417,417,417,417,417,418,2021-08-24,0.7558334758158697,0.7500670410441456,0.7656399561172161,0.758314522221892,0.0590606533254979
418,418,418,418,418,418,418,418,418,418,418,418,418,418,418,418,418,418,418,418,418,418,418,418,418,418,418,418,418,418,418,418,418,418,418,418,418,418,418,419,2021-08-25,0.7622418167037873,0.753843386595553,0.7659525351712612,0.7499767485826401,0.0631501834314227
419,419,419,419,419,419,419,419,419,419,419,419,419,419,419,419,419,419,419,419,419,419,419,419,419,419,419,419,419,419,419,419,419,419,419,419,419,419,419,420,2021-08-26,0.7727142660784191,0.7605751952003922,0.7670470007738656,0.7603990362457084,0.078828275065617
420,420,420,420,420,420,420,420,420,420,420,420,420,420,420,420,420,420,420,420,420,420,420,420,420,420,420,420,420,420,420,420,420,420,420,420,420,420,420,421,2021-08-27,0.7813109206543437,0.7661575739188958,0.7765830554296321,0.7637660895658221,0.0933654874922269
421,421,421,421,421,421,421,421,421,421,421,421,421,421,421,421,421,421,421,421,421,421,421,421,421,421,421,421,421,421,421,421,421,421,421,421,421,421,421,422,2021-08-30,0.763804956320613,0.7746953258635313,0.769548302239149,0.7822052455810679,0.0946706605036795
422,422,422,422,422,422,422,422,422,422,422,422,422,422,422,422,422,422,422,422,422,422,422,422,422,422,422,422,422,422,422,422,422,422,422,422,422,422,422,423,2021-08-31,0.7591158100552989,0.7505595649266538,0.7634513311009995,0.7501371324753406,0.1557880155257944
423,423,423,423,423,423,423,423,423,423,423,423,423,423,423,423,423,423,423,423,423,423,423,423,423,423,423,423,423,423,423,423,423,423,423,423,423,423,423,424,2021-09-01,0.7728704573767783,0.7566345694156168,0.7562601874025504,0.7440442686255075,0.0862373317870481
424,424,424,424,424,424,424,424,424,424,424,424,424,424,424,424,424,424,424,424,424,424,424,424,424,424,424,424,424,424,424,424,424,424,424,424,424,424,424,425,2021-09-02,0.7786537604860958,0.7730533966222964,0.7759578074134613,0.7741881747172367,0.0922010948961371
425,425,425,425,425,425,425,425,425,425,425,425,425,425,425,425,425,425,425,425,425,425,425,425,425,425,425,425,425,425,425,425,425,425,425,425,425,425,425,426,2021-09-03,0.7859999306270763,0.773053417700703,0.7854938308586102,0.771943445870431,0.0752141112961857
426,426,426,426,426,426,426,426,426,426,426,426,426,426,426,426,426,426,426,426,426,426,426,426,426,426,426,426,426,426,426,426,426,426,426,426,426,426,426,427,2021-09-06,0.7910017320742718,0.775680466987179,0.779396965819415,0.7711416815762216,0.066450935326005
427,427,427,427,427,427,427,427,427,427,427,427,427,427,427,427,427,427,427,427,427,427,427,427,427,427,427,427,427,427,427,427,427,427,427,427,427,427,427,428,2021-09-07,0.7906892131849718,0.7810987328876579,0.7942485148784674,0.782205334315465,0.0588940201794059
428,428,428,428,428,428,428,428,428,428,428,428,428,428,428,428,428,428,428,428,428,428,428,428,428,428,428,428,428,428,428,428,428,428,428,428,428,428,428,429,2021-09-08,0.802880584597044,0.7943977595517394,0.7933101987026271,0.7754708223785295,0.1060341653133971
429,429,429,429,429,429,429,429,429,429,429,429,429,429,429,429,429,429,429,429,429,429,429,429,429,429,429,429,429,429,429,429,429,429,429,429,429,429,429,430,2021-09-09,0.7658369424176793,0.7779791237433046,0.7709551808486316,0.7830069610317746,0.127041278533302
430,430,430,430,430,430,430,430,430,430,430,430,430,430,430,430,430,430,430,430,430,430,430,430,430,430,430,430,430,430,430,430,430,430,430,430,430,430,430,431,2021-09-10,0.7742771331100818,0.7728891337828031,0.7801786200079982,0.7809223836530442,0.0986702758918247
431,431,431,431,431,431,431,431,431,431,431,431,431,431,431,431,431,431,431,431,431,431,431,431,431,431,431,431,431,431,431,431,431,431,431,431,431,431,431,432,2021-09-13,0.7775597399346738,0.7627097103176238,0.7756451773743896,0.7626437788882753,0.0461313487873479
432,432,432,432,432,432,432,432,432,432,432,432,432,432,432,432,432,432,432,432,432,432,432,432,432,432,432,432,432,432,432,432,432,432,432,432,432,432,432,433,2021-09-14,0.781936094725525,0.7723966106553967,0.771267849590784,0.7645677841420616,0.1058111480213993
433,433,433,433,433,433,433,433,433,433,433,433,433,433,433,433,433,433,433,433,433,433,433,433,433,433,433,433,433,433,433,433,433,433,433,433,433,433,433,434,2021-09-15,0.7792787982646957,0.7696052675622537,0.7754885306182785,0.7682553594136233,0.0790530918516331
434,434,434,434,434,434,434,434,434,434,434,434,434,434,434,434,434,434,434,434,434,434,434,434,434,434,434,434,434,434,434,434,434,434,434,434,434,434,434,435,2021-09-16,0.8017864277530405,0.7870091911207721,0.794639067419029,0.7820446557108681,0.1919980339928019
435,435,435,435,435,435,435,435,435,435,435,435,435,435,435,435,435,435,435,435,435,435,435,435,435,435,435,435,435,435,435,435,435,435,435,435,435,435,435,436,2021-09-17,0.8022554105258627,0.7929200598569742,0.801595826433143,0.7838084985955615,0.2892566668104262
436,436,436,436,436,436,436,436,436,436,436,436,436,436,436,436,436,436,436,436,436,436,436,436,436,436,436,436,436,436,436,436,436,436,436,436,436,436,436,437,2021-09-20,0.7699006420266491,0.7768297097573272,0.7817418726395885,0.7788379871038141,0.0885552600319842
437,437,437,437,437,437,437,437,437,437,437,437,437,437,437,437,437,437,437,437,437,437,437,437,437,437,437,437,437,437,437,437,437,437,437,437,437,437,437,438,2021-09-21,0.7625543355930872,0.7480968009022197,0.7631385606699906,0.7490147123746558,0.0883865874593382
438,438,438,438,438,438,438,438,438,438,438,438,438,438,438,438,438,438,438,438,438,438,438,438,438,438,438,438,438,438,438,438,438,438,438,438,438,438,438,439,2021-09-22,0.7516133123233778,0.7480969621069646,0.761888165589588,0.7458081190555039,0.0878214863544668
439,439,439,439,439,439,439,439,439,439,439,439,439,439,439,439,439,439,439,439,439,439,439,439,439,439,439,439,439,439,439,439,439,439,439,439,439,439,439,440,2021-09-23,0.7697444507282899,0.7604109546108194,0.7717368059433031,0.7568713994034176,0.0876044673758632
440,440,440,440,440,440,440,440,440,440,440,440,440,440,440,440,440,440,440,440,440,440,440,440,440,440,440,440,440,440,440,440,440,440,440,440,440,440,440,441,2021-09-24,0.7838116169390691,0.7691128623105551,0.7820545992698876,0.7741881148958926,0.0900887888343555
441,441,441,441,441,441,441,441,441,441,441,441,441,441,441,441,441,441,441,441,441,441,441,441,441,441,441,441,441,441,441,441,441,441,441,441,441,441,441,442,2021-09-27,0.8289832035066994,0.821324568345125,0.8008140923893391,0.7868549576095917,0.2250787323620344
442,442,442,442,442,442,442,442,442,442,442,442,442,442,442,442,442,442,442,442,442,442,442,442,442,442,442,442,442,442,442,442,442,442,442,442,442,442,442,443,2021-09-28,0.8197613748595932,0.8377433531245034,0.8302040386891963,0.8303070653406613,0.2168632623878817
443,443,443,443,443,443,443,443,443,443,443,443,443,443,443,443,443,443,443,443,443,443,443,443,443,443,443,443,443,443,443,443,443,443,443,443,443,443,443,444,2021-09-29,0.79819143833173,0.803920428099529,0.7984689866815508,0.8060955580245636,0.2662350200370659
444,444,444,444,444,444,444,444,444,444,444,444,444,444,444,444,444,444,444,444,444,444,444,444,444,444,444,444,444,444,444,444,444,444,444,444,444,444,444,445,2021-09-30,0.8249193676051482,0.8134434568453722,0.8216059350186965,0.8142730306256803,0.313689836691719
445,445,445,445,445,445,445,445,445,445,445,445,445,445,445,445,445,445,445,445,445,445,445,445,445,445,445,445,445,445,445,445,445,445,445,445,445,445,445,446,2021-10-01,0.7584904996915359,0.7906213446629403,0.763607611301874,0.7822050313382413,0.3417125772575267
446,446,446,446,446,446,446,446,446,446,446,446,446,446,446,446,446,446,446,446,446,446,446,446,446,446,446,446,446,446,446,446,446,446,446,446,446,446,446,447,2021-10-04,0.8378925132645053,0.8326533517153306,0.808161523911964,0.7943908670138761,0.5952047203367358
447,447,447,447,447,447,447,447,447,447,447,447,447,447,447,447,447,447,447,447,447,447,447,447,447,447,447,447,447,447,447,447,447,447,447,447,447,447,447,448,2021-10-05,0.8432071061861638,0.8431617237314023,0.835363197889904,0.8269401992743856,0.313602381282431
448,448,448,448,448,448,448,448,448,448,448,448,448,448,448,448,448,448,448,448,448,448,448,448,448,448,448,448,448,448,448,448,448,448,448,448,448,448,448,449,2021-10-06,0.8106958738034281,0.8172199948320994,0.8069110555249775,0.8238935605776961,0.5185872436388337
449,449,449,449,449,449,449,449,449,449,449,449,449,449,449,449,449,449,449,449,449,449,449,449,449,449,449,449,449,449,449,449,449,449,449,449,449,449,449,450,2021-10-07,0.8105396825050687,0.805891021632772,0.8117572648257657,0.8121888404558683,0.1920256862175493
450,450,450,450,450,450,450,450,450,450,450,450,450,450,450,450,450,450,450,450,450,450,450,450,450,450,450,450,450,450,450,450,450,450,450,450,450,450,450,451,2021-10-08,0.8267948898186922,0.8132791922581187,0.8153526834766257,0.8094627435919871,0.4595734971240786
451,451,451,451,451,451,451,451,451,451,451,451,451,451,451,451,451,451,451,451,451,451,451,451,451,451,451,451,451,451,451,451,451,451,451,451,451,451,451,452,2021-10-11,0.830546343123525,0.8216529018563737,0.8242635622651672,0.8144334570882662,0.1190779776542431
452,452,452,452,452,452,452,452,452,452,452,452,452,452,452,452,452,452,452,452,452,452,452,452,452,452,452,452,452,452,452,452,452,452,452,452,452,452,452,453,2021-10-12,0.8336724860645949,0.8255935082029687,0.8266086572627994,0.8086613384802063,0.2013829351462955
453,453,453,453,453,453,453,453,453,453,453,453,453,453,453,453,453,453,453,453,453,453,453,453,453,453,453,453,453,453,453,453,453,453,453,453,453,453,453,454,2021-10-13,0.8075698671549395,0.8205037117360819,0.8170725214060078,0.8245349450498521,0.1532821001390829
454,454,454,454,454,454,454,454,454,454,454,454,454,454,454,454,454,454,454,454,454,454,454,454,454,454,454,454,454,454,454,454,454,454,454,454,454,454,454,455,2021-10-14,0.7870940874710798,0.7966964205857522,0.7994072063473437,0.8048130985615877,0.1204361157729669
455,455,455,455,455,455,455,455,455,455,455,455,455,455,455,455,455,455,455,455,455,455,455,455,455,455,455,455,455,455,455,455,455,455,455,455,455,455,455,456,2021-10-15,0.7928772542878159,0.7804417619809506,0.7933102623974407,0.7865342598257513,0.0816669168963071
456,456,456,456,456,456,456,456,456,456,456,456,456,456,456,456,456,456,456,456,456,456,456,456,456,456,456,456,456,456,456,456,456,456,456,456,456,456,456,457,2021-10-18,0.818823681899112,0.8083538102872935,0.809412363675282,0.7910239213264701,0.1186601351432004
457,457,457,457,457,457,457,457,457,457,457,457,457,457,457,457,457,457,457,457,457,457,457,457,457,457,457,457,457,457,457,457,457,457,457,457,457,457,457,458,2021-10-19,0.8180420439444084,0.8132792916742176,0.8261395655661691,0.8133110863302923,0.0743843646043605
458,458,458,458,458,458,458,458,458,458,458,458,458,458,458,458,458,458,458,458,458,458,458,458,458,458,458,458,458,458,458,458,458,458,458,458,458,458,458,459,2021-10-20,0.835860527167439,0.825264983367234,0.8344249512262897,0.8200452616078636,0.1291941931767625
459,459,459,459,459,459,459,459,459,459,459,459,459,459,459,459,459,459,459,459,459,459,459,459,459,459,459,459,459,459,459,459,459,459,459,459,459,459,459,460,2021-10-21,0.8346101790250763,0.8269069481375276,0.8408345129994469,0.8307881157278426,0.1208114902251784
460,460,460,460,460,460,460,460,460,460,460,460,460,460,460,460,460,460,460,460,460,460,460,460,460,460,460,460,460,460,460,460,460,460,460,460,460,460,460,461,2021-10-22,0.8335161584736542,0.8218172675540695,0.8309858795743387,0.8224505923104782,0.1466208531485117
461,461,461,461,461,461,461,461,461,461,461,461,461,461,461,461,461,461,461,461,461,461,461,461,461,461,461,461,461,461,461,461,461,461,461,461,461,461,461,462,2021-10-25,0.8425816595298193,0.8375791654028152,0.8474004362929354,0.8303070993910256,0.0600719089806328
462,462,462,462,462,462,462,462,462,462,462,462,462,462,462,462,462,462,462,462,462,462,462,462,462,462,462,462,462,462,462,462,462,462,462,462,462,462,462,463,2021-10-26,0.8369548203040239,0.8387285654921762,0.8474005214538195,0.8391259322862529,0.0628756406273684
463,463,463,463,463,463,463,463,463,463,463,463,463,463,463,463,463,463,463,463,463,463,463,463,463,463,463,463,463,463,463,463,463,463,463,463,463,463,463,464,2021-10-27,0.8525849898390475,0.8405344835717882,0.8458369799243367,0.8309484083158208,0.0888577549764557
464,464,464,464,464,464,464,464,464,464,464,464,464,464,464,464,464,464,464,464,464,464,464,464,464,464,464,464,464,464,464,464,464,464,464,464,464,464,464,465,2021-10-28,0.8644641149469828,0.852848622172096,0.8566238174019857,0.8461807025474216,0.1152195025802644
465,465,465,465,465,465,465,465,465,465,465,465,465,465,465,465,465,465,465,465,465,465,465,465,465,465,465,465,465,465,465,465,465,465,465,465,465,465,465,466,2021-10-29,0.8303900155325842,0.8584309491932328,0.8347376337669176,0.8623750706218839,0.160413075051557
466,466,466,466,466,466,466,466,466,466,466,466,466,466,466,466,466,466,466,466,466,466,466,466,466,466,466,466,466,466,466,466,466,466,466,466,466,466,466,467,2021-11-01,0.8555548051891767,0.8452959629092541,0.8438047529736027,0.8412101706234479,0.1449598601865127
467,467,467,467,467,467,467,467,467,467,467,467,467,467,467,467,467,467,467,467,467,467,467,467,467,467,467,467,467,467,467,467,467,467,467,467,467,467,467,468,2021-11-02,0.847270942087715,0.8477590029660845,0.848807484734336,0.8514721086734108,0.0766264741679934
468,468,468,468,468,468,468,468,468,468,468,468,468,468,468,468,468,468,468,468,468,468,468,468,468,468,468,468,468,468,468,468,468,468,468,468,468,468,468,469,2021-11-03,0.8666522923424084,0.8594160994474284,0.8653781862682325,0.8546786402155627,0.0887259120480503
469,469,469,469,469,469,469,469,469,469,469,469,469,469,469,469,469,469,469,469,469,469,469,469,469,469,469,469,469,469,469,469,469,469,469,469,469,469,469,470,2021-11-04,0.8900980236689787,0.879775620302316,0.8821057114291798,0.866383765439782,0.0889587665740147
470,470,470,470,470,470,470,470,470,470,470,470,470,470,470,470,470,470,470,470,470,470,470,470,470,470,470,470,470,470,470,470,470,470,470,470,470,470,470,471,2021-11-05,0.909010663736013,0.9035827719332604,0.9022722283793282,0.8864262243886526,0.124095266892855
471,471,471,471,471,471,471,471,471,471,471,471,471,471,471,471,471,471,471,471,471,471,471,471,471,471,471,471,471,471,471,471,471,471,471,471,471,471,471,472,2021-11-08,0.9155753322148712,0.9075233308466312,0.9144658913426204,0.910477177464457,0.0698119702701994
472,472,472,472,472,472,472,472,472,472,472,472,472,472,472,472,472,472,472,472,472,472,472,472,472,472,472,472,472,472,472,472,472,472,472,472,472,472,472,473,2021-11-09,0.8949432249400707,0.9019407845157932,0.9060241015461402,0.9080719614006556,0.0743098055688701
473,473,473,473,473,473,473,473,473,473,473,473,473,473,473,473,473,473,473,473,473,473,473,473,473,473,473,473,473,473,473,473,473,473,473,473,473,473,473,474,2021-11-10,0.8965065008494778,0.9034186976511546,0.905086190367972,0.8944432441972193,0.0674138445751823
474,474,474,474,474,474,474,474,474,474,474,474,474,474,474,474,474,474,474,474,474,474,474,474,474,474,474,474,474,474,474,474,474,474,474,474,474,474,474,475,2021-11-11,0.8693097250958189,0.890940459566058,0.8700684305579499,0.8946036896506283,0.1045713566259439
475,475,475,475,475,475,475,475,475,475,475,475,475,475,475,475,475,475,475,475,475,475,475,475,475,475,475,475,475,475,475,475,475,475,475,475,475,475,475,476,2021-11-12,0.8841583929687203,0.8781336071591698,0.8742890748168292,0.8673456115358616,0.0777096496007252
476,476,476,476,476,476,476,476,476,476,476,476,476,476,476,476,476,476,476,476,476,476,476,476,476,476,476,476,476,476,476,476,476,476,476,476,476,476,476,477,2021-11-15,0.882439198346117,0.8733723028447752,0.8852323762847824,0.8788902602110084,0.069890428209396
477,477,477,477,477,477,477,477,477,477,477,477,477,477,477,477,477,477,477,477,477,477,477,477,477,477,477,477,477,477,477,477,477,477,477,477,477,477,477,478,2021-11-16,0.8772810693079808,0.8710735834853905,0.8799170091858676,0.870392165804411,0.1244953543962508
478,478,478,478,478,478,478,478,478,478,478,478,478,478,478,478,478,478,478,478,478,478,478,478,478,478,478,478,478,478,478,478,478,478,478,478,478,478,478,479,2021-11-17,0.7414535181306274,0.7943978593615436,0.7481310109217422,0.8030494065095491,0.4790608176792849
479,479,479,479,479,479,479,479,479,479,479,479,479,479,479,479,479,479,479,479,479,479,479,479,479,479,479,479,479,479,479,479,479,479,479,479,479,479,479,480,2021-11-18,0.7175392129089793,0.7259315076207731,0.7298405264715494,0.7341032533429865,0.2861388634743683
480,480,480,480,480,480,480,480,480,480,480,480,480,480,480,480,480,480,480,480,480,480,480,480,480,480,480,480,480,480,480,480,480,480,480,480,480,480,480,481,2021-11-19,0.7230098608364155,0.7190357117029185,0.7304659191890138,0.7137401957827785,0.1908642327950227
481,481,481,481,481,481,481,481,481,481,481,481,481,481,481,481,481,481,481,481,481,481,481,481,481,481,481,481,481,481,481,481,481,481,481,481,481,481,481,482,2021-11-22,0.6915930578828462,0.7072142273284145,0.7015449976737435,0.7151832555809685,0.1297576147538835
482,482,482,482,482,482,482,482,482,482,482,482,482,482,482,482,482,482,482,482,482,482,482,482,482,482,482,482,482,482,482,482,482,482,482,482,482,482,482,483,2021-11-23,0.7075358825997511,0.6969524329732713,0.7093614344392615,0.688406460966549,0.1221819248863604
483,483,483,483,483,483,483,483,483,483,483,483,483,483,483,483,483,483,483,483,483,483,483,483,483,483,483,483,483,483,483,483,483,483,483,483,483,483,483,484,2021-11-24,0.7131625855329651,0.7127963890761422,0.7149890939057665,0.7052418541581993,0.147481731086853
484,484,484,484,484,484,484,484,484,484,484,484,484,484,484,484,484,484,484,484,484,484,484,484,484,484,484,484,484,484,484,484,484,484,484,484,484,484,484,485,2021-11-25,0.6911238025248612,0.6919444907536914,0.7018573593566041,0.6999507541567267,0.1337513517949023
485,485,485,485,485,485,485,485,485,485,485,485,485,485,485,485,485,485,485,485,485,485,485,485,485,485,485,485,485,485,485,485,485,485,485,485,485,485,485,486,2021-11-26,0.6761186707684375,0.6804513506253507,0.6791895582593824,0.6827943455453405,0.1618362948706083
486,486,486,486,486,486,486,486,486,486,486,486,486,486,486,486,486,486,486,486,486,486,486,486,486,486,486,486,486,486,486,486,486,486,486,486,486,486,486,487,2021-11-29,0.6600195184605917,0.6512259988365245,0.6554274309607239,0.6438317973408414,0.1773830234414687
487,487,487,487,487,487,487,487,487,487,487,487,487,487,487,487,487,487,487,487,487,487,487,487,487,487,487,487,487,487,487,487,487,487,487,487,487,487,487,488,2021-11-30,0.6506413622225451,0.6579576467953365,0.6626187144744929,0.6629121775972782,0.3439679430937609
488,488,488,488,488,488,488,488,488,488,488,488,488,488,488,488,488,488,488,488,488,488,488,488,488,488,488,488,488,488,488,488,488,488,488,488,488,488,488,489,2021-12-01,0.6615827943699988,0.6423601230223439,0.6504251482830857,0.6314858253117241,0.1288440116408068
489,489,489,489,489,489,489,489,489,489,489,489,489,489,489,489,489,489,489,489,489,489,489,489,489,489,489,489,489,489,489,489,489,489,489,489,489,489,489,490,2021-12-02,0.693155924914509,0.6751974978334068,0.6601174545562442,0.6378992623608313,0.1577777760449317
490,490,490,490,490,490,490,490,490,490,490,490,490,490,490,490,490,490,490,490,490,490,490,490,490,490,490,490,490,490,490,490,490,490,490,490,490,490,490,491,2021-12-03,0.7042534120677406,0.6898101780113561,0.7013884680842392,0.6941785885491538,0.1388199266130349
491,491,491,491,491,491,491,491,491,491,491,491,491,491,491,491,491,491,491,491,491,491,491,491,491,491,491,491,491,491,491,491,491,491,491,491,491,491,491,492,2021-12-06,0.7141005510786094,0.7022885732997186,0.7099867303778779,0.6959424196408335,0.1075013527696282
492,492,492,492,492,492,492,492,492,492,492,492,492,492,492,492,492,492,492,492,492,492,492,492,492,492,492,492,492,492,492,492,492,492,492,492,492,492,492,493,2021-12-07,0.7201962367846455,0.7111545945913207,0.7188973918447975,0.7180691542306801,0.0909389297917211
493,493,493,493,493,493,493,493,493,493,493,493,493,493,493,493,493,493,493,493,493,493,493,493,493,493,493,493,493,493,493,493,493,493,493,493,493,493,493,494,2021-12-08,0.725198038231841,0.722483579888584,0.7228057379499327,0.7222381337392472,0.127381802784693
494,494,494,494,494,494,494,494,494,494,494,494,494,494,494,494,494,494,494,494,494,494,494,494,494,494,494,494,494,494,494,494,494,494,494,494,494,494,494,495,2021-12-09,0.7284803724712701,0.7167368850399356,0.7309346944454039,0.719993242862887,0.0836897881053805
495,495,495,495,495,495,495,495,495,495,495,495,495,495,495,495,495,495,495,495,495,495,495,495,495,495,495,495,495,495,495,495,495,495,495,495,495,495,495,496,2021-12-10,0.7244166728623003,0.7165728913194103,0.7314038805127906,0.7148625921747589,0.0815590072383447
496,496,496,496,496,496,496,496,496,496,496,496,496,496,496,496,496,496,496,496,496,496,496,496,496,496,496,496,496,496,496,496,496,496,496,496,496,496,496,497,2021-12-13,0.7264482500816223,0.7283940942327747,0.7342174999073415,0.7228792588394544,0.0852968562299652
497,497,497,497,497,497,497,497,497,497,497,497,497,497,497,497,497,497,497,497,497,497,497,497,497,497,497,497,497,497,497,497,497,497,497,497,497,497,497,498,2021-12-14,0.7187896973439234,0.7137816746230286,0.7203044332369665,0.7025162961612317,0.0922277274076075
498,498,498,498,498,498,498,498,498,498,498,498,498,498,498,498,498,498,498,498,498,498,498,498,498,498,498,498,498,498,498,498,498,498,498,498,498,498,498,499,2021-12-15,0.7092550772223545,0.7073782366988504,0.7149891649823036,0.7081280512518531,0.088686683078452
499,499,499,499,499,499,499,499,499,499,499,499,499,499,499,499,499,499,499,499,499,499,499,499,499,499,499,499,499,499,499,499,499,499,499,499,499,499,499,500,2021-12-16,0.7070668998269289,0.6969523355235827,0.71154994948311,0.6969043641463113,0.1453517899836924
500,500,500,500,500,500,500,500,500,500,500,500,500,500,500,500,500,500,500,500,500,500,500,500,500,500,500,500,500,500,500,500,500,500,500,500,500,500,500,501,2021-12-17,0.7434856405202752,0.7316782228683152,0.7234311072570391,0.7047610535542483,0.4061035717976819
501,501,501,501,501,501,501,501,501,501,501,501,501,501,501,501,501,501,501,501,501,501,501,501,501,501,501,501,501,501,501,501,501,501,501,501,501,501,501,502,2021-12-20,0.7447361249552196,0.7270810149918141,0.7387515022832133,0.7284915716804419,0.0817844838388342
502,502,502,502,502,502,502,502,502,502,502,502,502,502,502,502,502,502,502,502,502,502,502,502,502,502,502,502,502,502,502,502,502,502,502,502,502,502,502,503,2021-12-21,0.7508315380760927,0.7402156686928274,0.7539151065447779,0.7427614051742351,0.0886291592530012
503,503,503,503,503,503,503,503,503,503,503,503,503,503,503,503,503,503,503,503,503,503,503,503,503,503,503,503,503,503,503,503,503,503,503,503,503,503,503,504,2021-12-22,0.7538016260113848,0.7388203916116267,0.7571983038727864,0.7469305741725936,0.0781421879795839
504,504,504,504,504,504,504,504,504,504,504,504,504,504,504,504,504,504,504,504,504,504,504,504,504,504,504,504,504,504,504,504,504,504,504,504,504,504,504,505,2021-12-23,0.7589594824643581,0.7499028080775834,0.7657963097330448,0.7501371416887376,0.0385158301188871
505,505,505,505,505,505,505,505,505,505,505,505,505,505,505,505,505,505,505,505,505,505,505,505,505,505,505,505,505,505,505,505,505,505,505,505,505,505,505,506,2021-12-24,0.7670871542674605,0.7589331446096389,0.7786153004073898,0.7594368441925866,0.0322438736676021
506,506,506,506,506,506,506,506,506,506,506,506,506,506,506,506,506,506,506,506,506,506,506,506,506,506,506,506,506,506,506,506,506,506,506,506,506,506,506,507,2021-12-29,0.7869376235875577,0.7791281938747728,0.7909652604777199,0.7729052346683264,0.0718428192360872
507,507,507,507,507,507,507,507,507,507,507,507,507,507,507,507,507,507,507,507,507,507,507,507,507,507,507,507,507,507,507,507,507,507,507,507,507,507,507,508,2021-12-30,0.7927209266968752,0.7825762933973527,0.7962805742411948,0.7822051447048527,0.0398747480183521
508,508,508,508,508,508,508,508,508,508,508,508,508,508,508,508,508,508,508,508,508,508,508,508,508,508,508,508,508,508,508,508,508,508,508,508,508,508,508,509,2021-12-31,0.7728704573767783,0.7839718577792324,0.7851811621243966,0.7865342523800475,0.0508348062691732
509,509,509,509,509,509,509,509,509,509,509,509,509,509,509,509,509,509,509,509,509,509,509,509,509,509,509,509,509,509,509,509,509,509,509,509,509,509,509,510,2022-01-04,0.796472107416545,0.7865165746659585,0.7898709378931593,0.7822049591215058,0.1106596447210973
510,510,510,510,510,510,510,510,510,510,510,510,510,510,510,510,510,510,510,510,510,510,510,510,510,510,510,510,510,510,510,510,510,510,510,510,510,510,510,511,2022-01-05,0.8072570756804768,0.7973531673812811,0.8105065837251982,0.8027285821500986,0.1041533341654993
511,511,511,511,511,511,511,511,511,511,511,511,511,511,511,511,511,511,511,511,511,511,511,511,511,511,511,511,511,511,511,511,511,511,511,511,511,511,511,512,2022-01-06,0.756771441361514,0.7916067416633453,0.7661091104241265,0.7950325759003155,0.1351377419697129
512,512,512,512,512,512,512,512,512,512,512,512,512,512,512,512,512,512,512,512,512,512,512,512,512,512,512,512,512,512,512,512,512,512,512,512,512,512,512,513,2022-01-07,0.798660693689715,0.7873379336743783,0.799094682082656,0.7820449430456614,0.1346873286169395
513,513,513,513,513,513,513,513,513,513,513,513,513,513,513,513,513,513,513,513,513,513,513,513,513,513,513,513,513,513,513,513,513,513,513,513,513,513,513,514,2022-01-10,0.8091328704791837,0.7947262213909502,0.8020648768624513,0.796154824772994,0.0669884441892628
514,514,514,514,514,514,514,514,514,514,514,514,514,514,514,514,514,514,514,514,514,514,514,514,514,514,514,514,514,514,514,514,514,514,514,514,514,514,514,515,2022-01-11,0.7847495824847134,0.7876661109308035,0.7792407241166607,0.7905428013212467,0.1196892057891162
515,515,515,515,515,515,515,515,515,515,515,515,515,515,515,515,515,515,515,515,515,515,515,515,515,515,515,515,515,515,515,515,515,515,515,515,515,515,515,516,2022-01-12,0.781936094725525,0.7809344479770511,0.7823672457070595,0.784610275768361,0.0723795483186037
516,516,516,516,516,516,516,516,516,516,516,516,516,516,516,516,516,516,516,516,516,516,516,516,516,516,516,516,516,516,516,516,516,516,516,516,516,516,516,517,2022-01-13,0.7903764217105088,0.780277618522394,0.7959679150207065,0.7806017161449811,0.0772815499737783
517,517,517,517,517,517,517,517,517,517,517,517,517,517,517,517,517,517,517,517,517,517,517,517,517,517,517,517,517,517,517,517,517,517,517,517,517,517,517,518,2022-01-14,0.7705259523904119,0.7837256574400971,0.7773647425643025,0.7783570730991024,0.1082626587056251
518,518,518,518,518,518,518,518,518,518,518,518,518,518,518,518,518,518,518,518,518,518,518,518,518,518,518,518,518,518,518,518,518,518,518,518,518,518,518,519,2022-01-17,0.7753712899540853,0.7705904296088214,0.7822107837345093,0.7797999264118561,0.0669725486587681
519,519,519,519,519,519,519,519,519,519,519,519,519,519,519,519,519,519,519,519,519,519,519,519,519,519,519,519,519,519,519,519,519,519,519,519,519,519,519,520,2022-01-18,0.769588123137349,0.760410964098904,0.7789279678655395,0.7661711540402026,0.0548153470207247
520,520,520,520,520,520,520,520,520,520,520,520,520,520,520,520,520,520,520,520,520,520,520,520,520,520,520,520,520,520,520,520,520,520,520,520,520,520,520,521,2022-01-19,0.7467678384671228,0.75055955951327,0.7512576268757037,0.756390374672869,0.1372103991799586
521,521,521,521,521,521,521,521,521,521,521,521,521,521,521,521,521,521,521,521,521,521,521,521,521,521,521,521,521,521,521,521,521,521,521,521,521,521,521,522,2022-01-20,0.7355140237229505,0.7246180141845768,0.7328107488921566,0.7203139254704907,0.1526499978735979
522,522,522,522,522,522,522,522,522,522,522,522,522,522,522,522,522,522,522,522,522,522,522,522,522,522,522,522,522,522,522,522,522,522,522,522,522,522,522,523,2022-01-21,0.7161325371756757,0.7124681054716946,0.7228057320981552,0.7150227569284866,0.1944891335454297
523,523,523,523,523,523,523,523,523,523,523,523,523,523,523,523,523,523,523,523,523,523,523,523,523,523,523,523,523,523,523,523,523,523,523,523,523,523,523,524,2022-01-24,0.7172266940196792,0.7085276738654467,0.7179594682071754,0.7020353008963469,0.0922981476068559
524,524,524,524,524,524,524,524,524,524,524,524,524,524,524,524,524,524,524,524,524,524,524,524,524,524,524,524,524,524,524,524,524,524,524,524,524,524,524,525,2022-01-25,0.6861222736628285,0.6934224264014976,0.6737182472435036,0.6973854316779506,0.3270402828132785
525,525,525,525,525,525,525,525,525,525,525,525,525,525,525,525,525,525,525,525,525,525,525,525,525,525,525,525,525,525,525,525,525,525,525,525,525,525,525,526,2022-01-27,0.6600195184605917,0.7044228194552655,0.6602737333999994,0.6868029032240504,0.300434583803726
526,526,526,526,526,526,526,526,526,526,526,526,526,526,526,526,526,526,526,526,526,526,526,526,526,526,526,526,526,526,526,526,526,526,526,526,526,526,526,527,2022-01-28,0.6895609354931984,0.6747049930210589,0.6502687599380873,0.6661191630198036,0.8065199027337494
527,527,527,527,527,527,527,527,527,527,527,527,527,527,527,527,527,527,527,527,527,527,527,527,527,527,527,527,527,527,527,527,527,527,527,527,527,527,527,528,2022-01-31,0.6593943443894104,0.6618982891578848,0.6716857892200349,0.6701275910326778,0.1677028253195766
528,528,528,528,528,528,528,528,528,528,528,528,528,528,528,528,528,528,528,528,528,528,528,528,528,528,528,528,528,528,528,528,528,528,528,528,528,528,528,529,2022-02-01,0.6623641597395395,0.6579577084599795,0.6635567122577358,0.6563383637523794,0.1356348222006936
529,529,529,529,529,529,529,529,529,529,529,529,529,529,529,529,529,529,529,529,529,529,529,529,529,529,529,529,529,529,529,529,529,529,529,529,529,529,529,530,2022-02-02,0.6750246502170154,0.6592712090567028,0.679189654721544,0.6619502058721451,0.1036329204954151
530,530,530,530,530,530,530,530,530,530,530,530,530,530,530,530,530,530,530,530,530,530,530,530,530,530,530,530,530,530,530,530,530,530,530,530,530,530,530,531,2022-02-03,0.6547053344166778,0.6563158530853768,0.6540205873735806,0.6459162413943622,0.1788129613715215
531,531,531,531,531,531,531,531,531,531,531,531,531,531,531,531,531,531,531,531,531,531,531,531,531,531,531,531,531,531,531,531,531,531,531,531,531,531,531,532,2022-02-04,0.6650213199077872,0.6433450373950305,0.6573035332287142,0.6369372809527301,0.1731852837619118
532,532,532,532,532,532,532,532,532,532,532,532,532,532,532,532,532,532,532,532,532,532,532,532,532,532,532,532,532,532,532,532,532,532,532,532,532,532,532,533,2022-02-07,0.6634581802909616,0.6451509752542897,0.651362917086557,0.6443127695589679,0.1671459419040554
533,533,533,533,533,533,533,533,533,533,533,533,533,533,533,533,533,533,533,533,533,533,533,533,533,533,533,533,533,533,533,533,533,533,533,533,533,533,533,534,2022-02-08,0.6681474628488571,0.6520469804908018,0.6593357840341366,0.6390216635668393,0.152376054900883
534,534,534,534,534,534,534,534,534,534,534,534,534,534,534,534,534,534,534,534,534,534,534,534,534,534,534,534,534,534,534,534,534,534,534,534,534,534,534,535,2022-02-09,0.7503628278884334,0.7384097826954101,0.7368754026376995,0.7342635929464023,0.3050793177974217
535,535,535,535,535,535,535,535,535,535,535,535,535,535,535,535,535,535,535,535,535,535,535,535,535,535,535,535,535,535,535,535,535,535,535,535,535,535,535,536,2022-02-10,0.769431659253827,0.753022302881038,0.7482872316832109,0.750137031212864,0.2289714578054942
536,536,536,536,536,536,536,536,536,536,536,536,536,536,536,536,536,536,536,536,536,536,536,536,536,536,536,536,536,536,536,536,536,536,536,536,536,536,536,537,2022-02-11,0.7345761944698876,0.7431711423598772,0.7434411267569362,0.7408373673608202,0.1863442037367933
537,537,537,537,537,537,537,537,537,537,537,537,537,537,537,537,537,537,537,537,537,537,537,537,537,537,537,537,537,537,537,537,537,537,537,537,537,537,537,538,2022-02-14,0.7578655982055175,0.7485896469018198,0.7414090210673551,0.722879637603514,0.133627726555847
538,538,538,538,538,538,538,538,538,538,538,538,538,538,538,538,538,538,538,538,538,538,538,538,538,538,538,538,538,538,538,538,538,538,538,538,538,538,538,539,2022-02-15,0.7492685347518484,0.7459622221228384,0.7528208079603002,0.735385788320438,0.138968744768346
539,539,539,539,539,539,539,539,539,539,539,539,539,539,539,539,539,539,539,539,539,539,539,539,539,539,539,539,539,539,539,539,539,539,539,539,539,539,539,540,2022-02-16,0.7624740592626041,0.7498919189839048,0.7583927582042308,0.7528949288015002,0.1977740498926511
540,540,540,540,540,540,540,540,540,540,540,540,540,540,540,540,540,540,540,540,540,540,540,540,540,540,540,540,540,540,540,540,540,540,540,540,540,540,540,541,2022-02-17,0.7662925685175178,0.7580812401888698,0.7679405593887957,0.7558327066946583,0.1344259221192185
541,541,541,541,541,541,541,541,541,541,541,541,541,541,541,541,541,541,541,541,541,541,541,541,541,541,541,541,541,541,541,541,541,541,541,541,541,541,541,542,2022-02-18,0.7494278607795815,0.7458810412432624,0.7563242671706553,0.7462033714704859,0.120623443100269
542,542,542,542,542,542,542,542,542,542,542,542,542,542,542,542,542,542,542,542,542,542,542,542,542,542,542,542,542,542,542,542,542,542,542,542,542,542,542,543,2022-02-21,0.7548371770453582,0.7418697982976878,0.7377060265778012,0.7290661045985747,0.0970531905838716
543,543,543,543,543,543,543,543,543,543,543,543,543,543,543,543,543,543,543,543,543,543,543,543,543,543,543,543,543,543,543,543,543,543,543,543,543,543,543,544,2022-02-22,0.7222212719600571,0.7166335026688802,0.7187696691627158,0.7194366060923343,0.1402116552867665
544,544,544,544,544,544,544,544,544,544,544,544,544,544,544,544,544,544,544,544,544,544,544,544,544,544,544,544,544,544,544,544,544,544,544,544,544,544,544,545,2022-02-23,0.732563153041645,0.7186392086461011,0.7308636077353278,0.714214115888828,0.1150055427414919
545,545,545,545,545,545,545,545,545,545,545,545,545,545,545,545,545,545,545,545,545,545,545,545,545,545,545,545,545,545,545,545,545,545,545,545,545,545,545,546,2022-02-24,0.701060894639497,0.7064389072325861,0.7090629883756786,0.712255482877233,0.1891752876926066
546,546,546,546,546,546,546,546,546,546,546,546,546,546,546,546,546,546,546,546,546,546,546,546,546,546,546,546,546,546,546,546,546,546,546,546,546,546,546,547,2022-02-25,0.6878555064213228,0.7010909231578384,0.6945822993370306,0.7073593248730561,0.2730467647106986
547,547,547,547,547,547,547,547,547,547,547,547,547,547,547,547,547,547,547,547,547,547,547,547,547,547,547,547,547,547,547,547,547,547,547,547,547,547,547,548,2022-02-28,0.6811732174446601,0.6850466447586574,0.6788285418217651,0.6854889704489118,0.581617100903568
548,548,548,548,548,548,548,548,548,548,548,548,548,548,548,548,548,548,548,548,548,548,548,548,548,548,548,548,548,548,548,548,548,548,548,548,548,548,548,549,2022-03-01,0.7028107550929301,0.7066893020741383,0.700310592232923,0.681082018005335,0.1181723522979808
549,549,549,549,549,549,549,549,549,549,549,549,549,549,549,549,549,549,549,549,549,549,549,549,549,549,549,549,549,549,549,549,549,549,549,549,549,549,549,550,2022-03-02,0.7009017049043456,0.6893917677322814,0.6796240184292303,0.6579062134234483,0.1618975376503635
550,550,550,550,550,550,550,550,550,550,550,550,550,550,550,550,550,550,550,550,550,550,550,550,550,550,550,550,550,550,550,550,550,550,550,550,550,550,550,551,2022-03-03,0.6978788717400264,0.6935699751314757,0.7042890408514878,0.7014835993767696,0.2445199858703729
551,551,551,551,551,551,551,551,551,551,551,551,551,551,551,551,551,551,551,551,551,551,551,551,551,551,551,551,551,551,551,551,551,551,551,551,551,551,551,552,2022-03-04,0.6993106253083194,0.6868848652454014,0.6934681781145592,0.6939758123995301,0.1690920347016826
552,552,552,552,552,552,552,552,552,552,552,552,552,552,552,552,552,552,552,552,552,552,552,552,552,552,552,552,552,552,552,552,552,552,552,552,552,552,552,553,2022-03-07,0.6999471116637626,0.6835423061183836,0.6964917272320096,0.6849992374796856,0.1778195207071675
553,553,553,553,553,553,553,553,553,553,553,553,553,553,553,553,553,553,553,553,553,553,553,553,553,553,553,553,553,553,553,553,553,553,553,553,553,553,553,554,2022-03-08,0.7150618226556842,0.7067731246972091,0.708585638762009,0.6907116843223642,0.2016193286771625
554,554,554,554,554,554,554,554,554,554,554,554,554,554,554,554,554,554,554,554,554,554,554,554,554,554,554,554,554,554,554,554,554,554,554,554,554,554,554,555,2022-03-09,0.7440182719286417,0.7326777509061397,0.7160644066092353,0.7013202219810981,0.1365893937942529
555,555,555,555,555,555,555,555,555,555,555,555,555,555,555,555,555,555,555,555,555,555,555,555,555,555,555,555,555,555,555,555,555,555,555,555,555,555,555,556,2022-03-10,0.7810889000391367,0.7682758880879578,0.7673038958418067,0.7502834628530103,0.1864202623506322
556,556,556,556,556,556,556,556,556,556,556,556,556,556,556,556,556,556,556,556,556,556,556,556,556,556,556,556,556,556,556,556,556,556,556,556,556,556,556,557,2022-03-11,0.7753614768882199,0.7713680979188772,0.7757379469628966,0.7577913962649739,0.1969685963700726
557,557,557,557,557,557,557,557,557,557,557,557,557,557,557,557,557,557,557,557,557,557,557,557,557,557,557,557,557,557,557,557,557,557,557,557,557,557,557,558,2022-03-14,0.8170458814664784,0.8043754510774889,0.7991295997050635,0.7842312833117769,0.1721717487476871
558,558,558,558,558,558,558,558,558,558,558,558,558,558,558,558,558,558,558,558,558,558,558,558,558,558,558,558,558,558,558,558,558,558,558,558,558,558,558,559,2022-03-15,0.8453661169691559,0.833121561970063,0.8341381390261603,0.820464237387566,0.1702090406219579
559,559,559,559,559,559,559,559,559,559,559,559,559,559,559,559,559,559,559,559,559,559,559,559,559,559,559,559,559,559,559,559,559,559,559,559,559,559,559,560,2022-03-16,0.860958124581369,0.8496671361698166,0.8568935384088606,0.8491892242646236,0.151110770673502
560,560,560,560,560,560,560,560,560,560,560,560,560,560,560,560,560,560,560,560,560,560,560,560,560,560,560,560,560,560,560,560,560,560,560,560,560,560,560,561,2022-03-17,0.8830730951425122,0.8866021378634931,0.8815582606561138,0.8930927904539298,0.2187190805689256
561,561,561,561,561,561,561,561,561,561,561,561,561,561,561,561,561,561,561,561,561,561,561,561,561,561,561,561,561,561,561,561,561,561,561,561,561,561,561,562,2022-03-18,0.8853006610939812,0.8747362572271055,0.8786940883605209,0.8725283564625518,0.3574970189882009
562,562,562,562,562,562,562,562,562,562,562,562,562,562,562,562,562,562,562,562,562,562,562,562,562,562,562,562,562,562,562,562,562,562,562,562,562,562,562,563,2022-03-21,0.8759135095455578,0.8924516455420864,0.8882417034420315,0.8815049097539794,0.1119548605323155
563,563,563,563,563,563,563,563,563,563,563,563,563,563,563,563,563,563,563,563,563,563,563,563,563,563,563,563,563,563,563,563,563,563,563,563,563,563,563,564,2022-03-22,0.8818005313093705,0.8916163115519081,0.8941297243901442,0.8914609965133756,0.0853547399542196
564,564,564,564,564,564,564,564,564,564,564,564,564,564,564,564,564,564,564,564,564,564,564,564,564,564,564,564,564,564,564,564,564,564,564,564,564,564,564,565,2022-03-23,0.9037564484279436,0.894290200566452,0.8998582886628707,0.8870541529440749,0.0812593315011685
565,565,565,565,565,565,565,565,565,565,565,565,565,565,565,565,565,565,565,565,565,565,565,565,565,565,565,565,565,565,565,565,565,565,565,565,565,565,565,566,2022-03-24,0.9021655051244992,0.892451839684748,0.8969940156641582,0.8824843222327979,0.0795022455585938
566,566,566,566,566,566,566,566,566,566,566,566,566,566,566,566,566,566,566,566,566,566,566,566,566,566,566,566,566,566,566,566,566,566,566,566,566,566,566,567,2022-03-25,0.8794139119153314,0.899471126409218,0.8917426999232646,0.8978261351395828,0.1544364155686704
567,567,567,567,567,567,567,567,567,567,567,567,567,567,567,567,567,567,567,567,567,567,567,567,567,567,567,567,567,567,567,567,567,567,567,567,567,567,567,568,2022-03-28,0.8829140416999423,0.8872707504648117,0.8930156311024063,0.8927665088239521,0.0557559425440754
568,568,568,568,568,568,568,568,568,568,568,568,568,568,568,568,568,568,568,568,568,568,568,568,568,568,568,568,568,568,568,568,568,568,568,568,568,568,568,569,2022-03-29,0.8865736338048672,0.8882736851059455,0.8973122522803382,0.8841164384138375,0.0737370866059881
569,569,569,569,569,569,569,569,569,569,569,569,569,569,569,569,569,569,569,569,569,569,569,569,569,569,569,569,569,569,569,569,569,569,569,569,569,569,569,570,2022-03-30,0.8977105095141423,0.8956271290572878,0.9008129067813831,0.8927665101960517,0.0830751409318727
570,570,570,570,570,570,570,570,570,570,570,570,570,570,570,570,570,570,570,570,570,570,570,570,570,570,570,570,570,570,570,570,570,570,570,570,570,570,570,571,2022-03-31,0.8770272925212924,0.8922845629726871,0.8893556754563848,0.8963571019132547,0.1744559064882136
571,571,571,571,571,571,571,571,571,571,571,571,571,571,571,571,571,571,571,571,571,571,571,571,571,571,571,571,571,571,571,571,571,571,571,571,571,571,571,572,2022-04-01,0.8572988050616069,0.8720622458287085,0.8694646767973776,0.8730180570021514,0.1018138719754779
572,572,572,572,572,572,572,572,572,572,572,572,572,572,572,572,572,572,572,572,572,572,572,572,572,572,572,572,572,572,572,572,572,572,572,572,572,572,572,573,2022-04-04,0.8444113874359912,0.8571876746396657,0.8567342345837882,0.8570232492975834,0.0715061339052685
573,573,573,573,573,573,573,573,573,573,573,573,573,573,573,573,573,573,573,573,573,573,573,573,573,573,573,573,573,573,573,573,573,573,573,573,573,573,573,574,2022-04-05,0.8545939424898462,0.8506697678044318,0.8586437553816301,0.8452721108903637,0.0571920587369243
574,574,574,574,574,574,574,574,574,574,574,574,574,574,574,574,574,574,574,574,574,574,574,574,574,574,574,574,574,574,574,574,574,574,574,574,574,574,574,575,2022-04-06,0.8760726992807092,0.8663798465825768,0.8573708634505882,0.8447825455884458,0.0917162512244807
575,575,575,575,575,575,575,575,575,575,575,575,575,575,575,575,575,575,575,575,575,575,575,575,575,575,575,575,575,575,575,575,575,575,575,575,575,575,575,576,2022-04-07,0.8685950067986149,0.8625359715099122,0.8713742575011522,0.8607772412074485,0.05978111074728
576,576,576,576,576,576,576,576,576,576,576,576,576,576,576,576,576,576,576,576,576,576,576,576,576,576,576,576,576,576,576,576,576,576,576,576,576,576,576,577,2022-04-08,0.870822300164921,0.8648756191629506,0.875511518223787,0.8710594742309204,0.0833983300575544
577,577,577,577,577,577,577,577,577,577,577,577,577,577,577,577,577,577,577,577,577,577,577,577,577,577,577,577,577,577,577,577,577,577,577,577,577,577,577,578,2022-04-11,0.8946875400572417,0.8886078053574388,0.8890374162663218,0.8735076389804611,0.0698735129656243
578,578,578,578,578,578,578,578,578,578,578,578,578,578,578,578,578,578,578,578,578,578,578,578,578,578,578,578,578,578,578,578,578,578,578,578,578,578,578,579,2022-04-12,0.8919829500706441,0.8879393962838219,0.893015744530638,0.8896655819060227,0.0590257431415434
579,579,579,579,579,579,579,579,579,579,579,579,579,579,579,579,579,579,579,579,579,579,579,579,579,579,579,579,579,579,579,579,579,579,579,579,579,579,579,580,2022-04-13,0.889437277234035,0.8849309813967651,0.8942886961648443,0.8857484477059522,0.0677325949489522
580,580,580,580,580,580,580,580,580,580,580,580,580,580,580,580,580,580,580,580,580,580,580,580,580,580,580,580,580,580,580,580,580,580,580,580,580,580,580,581,2022-04-14,0.8886417374360219,0.8883571450870712,0.8903104949506909,0.875302987340652,0.062571946020218
581,581,581,581,581,581,581,581,581,581,581,581,581,581,581,581,581,581,581,581,581,581,581,581,581,581,581,581,581,581,581,581,581,581,581,581,581,581,581,582,2022-04-19,0.8967559162735593,0.8927859685909126,0.8996989889049954,0.8899918106113013,0.0844537332992709
582,582,582,582,582,582,582,582,582,582,582,582,582,582,582,582,582,582,582,582,582,582,582,582,582,582,582,582,582,582,582,582,582,582,582,582,582,582,582,583,2022-04-20,0.900415372085903,0.9041508411151548,0.9067008755445022,0.9014168268689984,0.0890329057275675
583,583,583,583,583,583,583,583,583,583,583,583,583,583,583,583,583,583,583,583,583,583,583,583,583,583,583,583,583,583,583,583,583,583,583,583,583,583,583,584,2022-04-21,0.9180756196218524,0.9098330572839134,0.9154529494505604,0.9094140615415576,0.0913053667569752
584,584,584,584,584,584,584,584,584,584,584,584,584,584,584,584,584,584,584,584,584,584,584,584,584,584,584,584,584,584,584,584,584,584,584,584,584,584,584,585,2022-04-22,0.8706633830149325,0.904986360456884,0.8829906858251809,0.909414078657811,0.1762753149069544
585,585,585,585,585,585,585,585,585,585,585,585,585,585,585,585,585,585,585,585,585,585,585,585,585,585,585,585,585,585,585,585,585,585,585,585,585,585,585,586,2022-04-26,0.8607987985536362,0.8574383052542079,0.8381161548182513,0.827971708322833,0.1222038187302494
586,586,586,586,586,586,586,586,586,586,586,586,586,586,586,586,586,586,586,586,586,586,586,586,586,586,586,586,586,586,586,586,586,586,586,586,586,586,586,587,2022-04-27,0.8329562685489947,0.8342915222266006,0.8382754672800891,0.8389070791865504,0.0844455156099208
587,587,587,587,587,587,587,587,587,587,587,587,587,587,587,587,587,587,587,587,587,587,587,587,587,587,587,587,587,587,587,587,587,587,587,587,587,587,587,588,2022-04-28,0.8366154517761754,0.8426476766591374,0.8393891543977873,0.8455984381559777,0.0754090564814985
588,588,588,588,588,588,588,588,588,588,588,588,588,588,588,588,588,588,588,588,588,588,588,588,588,588,588,588,588,588,588,588,588,588,588,588,588,588,588,589,2022-04-29,0.8469571965651818,0.8396396173776141,0.8513240378477464,0.8408656710533381,0.1139952468165001
589,589,589,589,589,589,589,589,589,589,589,589,589,589,589,589,589,589,589,589,589,589,589,589,589,589,589,589,589,589,589,589,589,589,589,589,589,589,589,590,2022-05-02,0.832478971928703,0.8256008063246724,0.8336607080355877,0.829440813706943,0.0562940512386727
590,590,590,590,590,590,590,590,590,590,590,590,590,590,590,590,590,590,590,590,590,590,590,590,590,590,590,590,590,590,590,590,590,590,590,590,590,590,590,591,2022-05-03,0.8211824976065322,0.8192497252596772,0.8225214809357148,0.8155676521989322,0.0527294335378778
591,591,591,591,591,591,591,591,591,591,591,591,591,591,591,591,591,591,591,591,591,591,591,591,591,591,591,591,591,591,591,591,591,591,591,591,591,591,591,592,2022-05-04,0.8326381616638546,0.827773603192186,0.8257043235842293,0.83107295197589,0.0683536003346579
592,592,592,592,592,592,592,592,592,592,592,592,592,592,592,592,592,592,592,592,592,592,592,592,592,592,592,592,592,592,592,592,592,592,592,592,592,592,592,593,2022-05-05,0.8442524702860027,0.8376340137769952,0.8357294621873349,0.8274823669024033,0.0856290428257382
593,593,593,593,593,593,593,593,593,593,593,593,593,593,593,593,593,593,593,593,593,593,593,593,593,593,593,593,593,593,593,593,593,593,593,593,593,593,593,594,2022-05-06,0.8234100635580012,0.8137346456060509,0.8223624684821768,0.8219330168620532,0.1250930263428529
594,594,594,594,594,594,594,594,594,594,594,594,594,594,594,594,594,594,594,594,594,594,594,594,594,594,594,594,594,594,594,594,594,594,594,594,594,594,594,595,2022-05-09,0.8275468159906364,0.8162416612726725,0.8263407596870099,0.8160574944902149,0.0658899130742417
595,595,595,595,595,595,595,595,595,595,595,595,595,595,595,595,595,595,595,595,595,595,595,595,595,595,595,595,595,595,595,595,595,595,595,595,595,595,595,596,2022-05-10,0.8122729152635632,0.8078852560164206,0.8062905985416228,0.8082234208870857,0.1534792047172176
596,596,596,596,596,596,596,596,596,596,596,596,596,596,596,596,596,596,596,596,596,596,596,596,596,596,596,596,596,596,596,596,596,596,596,596,596,596,596,597,2022-05-11,0.809250082099244,0.8103922133216467,0.812973994280641,0.8051223945420177,0.0807413171564419
597,597,597,597,597,597,597,597,597,597,597,597,597,597,597,597,597,597,597,597,597,597,597,597,597,597,597,597,597,597,597,597,597,597,597,597,597,597,597,598,2022-05-12,0.8194325008605176,0.8184141762572136,0.8016757856230562,0.78945409208068,0.1535872343414479
598,598,598,598,598,598,598,598,598,598,598,598,598,598,598,598,598,598,598,598,598,598,598,598,598,598,598,598,598,598,598,598,598,598,598,598,598,598,598,599,2022-05-13,0.8215008770768352,0.8123976769053501,0.8216464958103288,0.8183424405678911,0.1527688844450717
599,599,599,599,599,599,599,599,599,599,599,599,599,599,599,599,599,599,599,599,599,599,599,599,599,599,599,599,599,599,599,599,599,599,599,599,599,599,599,600,2022-05-16,0.8382065313722015,0.8319516156352608,0.8357293472084523,0.8278086150278997,0.0807097660279882
600,600,600,600,600,600,600,600,600,600,600,600,600,600,600,600,600,600,600,600,600,600,600,600,600,600,600,600,600,600,600,600,600,600,600,600,600,600,600,601,2022-05-17,0.8666858203174489,0.8593605891791302,0.8559387062330309,0.8436401417535232,0.1077780549665045
601,601,601,601,601,601,601,601,601,601,601,601,601,601,601,601,601,601,601,601,601,601,601,601,601,601,601,601,601,601,601,601,601,601,601,601,601,601,601,602,2022-05-18,0.8615946109368121,0.8620346078313527,0.8601556497827433,0.86697932862245,0.103368454857863
602,602,602,602,602,602,602,602,602,602,602,602,602,602,602,602,602,602,602,602,602,602,602,602,602,602,602,602,602,602,602,602,602,602,602,602,602,602,602,603,2022-05-19,0.8456842238542958,0.838970827361618,0.8492551580513564,0.8361322871183291,0.1615888644430959
603,603,603,603,603,603,603,603,603,603,603,603,603,603,603,603,603,603,603,603,603,603,603,603,603,603,603,603,603,603,603,603,603,603,603,603,603,603,603,604,2022-05-20,0.8584123154521784,0.8553492819236913,0.85546119470472,0.8441296051881445,0.1510935555140605
604,604,604,604,604,604,604,604,604,604,604,604,604,604,604,604,604,604,604,604,604,604,604,604,604,604,604,604,604,604,604,604,604,604,604,604,604,604,604,605,2022-05-23,0.8568215084413152,0.8598619940029005,0.8584848644529045,0.8646943864267659,0.0675290721754857
605,605,605,605,605,605,605,605,605,605,605,605,605,605,605,605,605,605,605,605,605,605,605,605,605,605,605,605,605,605,605,605,605,605,605,605,605,605,605,606,2022-05-24,0.8662083874045757,0.8688868274259111,0.8635769142376447,0.8465779143047295,0.0848517213929787
606,606,606,606,606,606,606,606,606,606,606,606,606,606,606,606,606,606,606,606,606,606,606,606,606,606,606,606,606,606,606,606,606,606,606,606,606,606,606,607,2022-05-25,0.8833913383202338,0.8907804250697419,0.8853774088485767,0.8718754391073563,0.1232858544834363
607,607,607,607,607,607,607,607,607,607,607,607,607,607,607,607,607,607,607,607,607,607,607,607,607,607,607,607,607,607,607,607,607,607,607,607,607,607,607,608,2022-05-26,0.8716178399629341,0.8907804211494829,0.8821948788919344,0.8842794873583578,0.0926011823995329
608,608,608,608,608,608,608,608,608,608,608,608,608,608,608,608,608,608,608,608,608,608,608,608,608,608,608,608,608,608,608,608,608,608,608,608,608,608,608,609,2022-05-27,0.890710249944921,0.8866024959727351,0.8955620052319108,0.8899920955777304,0.0666382026701732
609,609,609,609,609,609,609,609,609,609,609,609,609,609,609,609,609,609,609,609,609,609,609,609,609,609,609,609,609,609,609,609,609,609,609,609,609,609,609,610,2022-05-30,0.8895963306766049,0.887939323566839,0.8958799982744071,0.8930929220136906,0.0925809680833943
610,610,610,610,610,610,610,610,610,610,610,610,610,610,610,610,610,610,610,610,610,610,610,610,610,610,610,610,610,610,610,610,610,610,610,610,610,610,610,611,2022-05-31,0.8545939424898462,0.8789143633176687,0.8669185178882851,0.8815049174206345,0.2304307274880449
611,611,611,611,611,611,611,611,611,611,611,611,611,611,611,611,611,611,611,611,611,611,611,611,611,611,611,611,611,611,611,611,611,611,611,611,611,611,611,612,2022-06-01,0.8919829500706441,0.8817556308517681,0.8771028692954811,0.8604508404991807,0.1015793379217631
612,612,612,612,612,612,612,612,612,612,612,612,612,612,612,612,612,612,612,612,612,612,612,612,612,612,612,612,612,612,612,612,612,612,612,612,612,612,612,613,2022-06-02,0.871776893405504,0.8658783660530974,0.8732836264046809,0.8712226173185341,0.0716784054659511
613,613,613,613,613,613,613,613,613,613,613,613,613,613,613,613,613,613,613,613,613,613,613,613,613,613,613,613,613,613,613,613,613,613,613,613,613,613,613,614,2022-06-03,0.8679583841505903,0.8765745390715544,0.8721697497067308,0.8801991539125743,0.0792543952491438
614,614,614,614,614,614,614,614,614,614,614,614,614,614,614,614,614,614,614,614,614,614,614,614,614,614,614,614,614,614,614,614,614,614,614,614,614,614,614,615,2022-06-06,0.8596852881630644,0.8588590820569989,0.8681916716959984,0.8620828960556369,0.0426328325001576
615,615,615,615,615,615,615,615,615,615,615,615,615,615,615,615,615,615,615,615,615,615,615,615,615,615,615,615,615,615,615,615,615,615,615,615,615,615,615,616,2022-06-07,0.8164096676961984,0.8416450439724589,0.8266591320707769,0.8457618974504283,0.11701935649734
616,616,616,616,616,616,616,616,616,616,616,616,616,616,616,616,616,616,616,616,616,616,616,616,616,616,616,616,616,616,616,616,616,616,616,616,616,616,616,617,2022-06-08,0.7449728651692247,0.8180799587825688,0.7572788349528398,0.8180159559351788,0.2747480063555729
617,617,617,617,617,617,617,617,617,617,617,617,617,617,617,617,617,617,617,617,617,617,617,617,617,617,617,617,617,617,617,617,617,617,617,617,617,617,617,618,2022-06-09,0.7048792676018292,0.7079429566411166,0.6813744629703983,0.71356116246895,0.3978407151477147
618,618,618,618,618,618,618,618,618,618,618,618,618,618,618,618,618,618,618,618,618,618,618,618,618,618,618,618,618,618,618,618,618,618,618,618,618,618,618,619,2022-06-10,0.6862644268252969,0.7178035864685237,0.6972873730317587,0.6858154183936547,0.2501210909516462
619,619,619,619,619,619,619,619,619,619,619,619,619,619,619,619,619,619,619,619,619,619,619,619,619,619,619,619,619,619,619,619,619,619,619,619,619,619,619,620,2022-06-14,0.6452158271395738,0.6225404666788934,0.61358542564397,0.6107380448407651,0.3981928161439566
620,620,620,620,620,620,620,620,620,620,620,620,620,620,620,620,620,620,620,620,620,620,620,620,620,620,620,620,620,620,620,620,620,620,620,620,620,620,620,621,2022-06-15,0.6359881379114649,0.6344067589172435,0.6374548512480324,0.6237950742117631,0.2465334397274174
621,621,621,621,621,621,621,621,621,621,621,621,621,621,621,621,621,621,621,621,621,621,621,621,621,621,621,621,621,621,621,621,621,621,621,621,621,621,621,622,2022-06-16,0.6336016548100072,0.650451059535752,0.638409651614794,0.6530098827007742,0.2910693571181655
622,622,622,622,622,622,622,622,622,622,622,622,622,622,622,622,622,622,622,622,622,622,622,622,622,622,622,622,622,622,622,622,622,622,622,622,622,622,622,623,2022-06-17,0.5825299623907436,0.5765805359422778,0.5903527760829809,0.5870726731535076,0.527010315239561
623,623,623,623,623,623,623,623,623,623,623,623,623,623,623,623,623,623,623,623,623,623,623,623,623,623,623,623,623,623,623,623,623,623,623,623,623,623,623,624,2022-06-20,0.5871440114436703,0.591956456711924,0.597354442065931,0.5797283260210533,0.1888685939287591
624,624,624,624,624,624,624,624,624,624,624,624,624,624,624,624,624,624,624,624,624,624,624,624,624,624,624,624,624,624,624,624,624,624,624,624,624,624,624,625,2022-06-21,0.6208735632121245,0.5973045962198988,0.6062657933127874,0.5891945159275096,0.126440367497467
625,625,625,625,625,625,625,625,625,625,625,625,625,625,625,625,625,625,625,625,625,625,625,625,625,625,625,625,625,625,625,625,625,625,625,625,625,625,625,626,2022-06-22,0.6192824836160986,0.617861122060547,0.6244063755003534,0.6285282798107998,0.1793604274350138
626,626,626,626,626,626,626,626,626,626,626,626,626,626,626,626,626,626,626,626,626,626,626,626,626,626,626,626,626,626,626,626,626,626,626,626,626,626,626,627,2022-06-23,0.6221462633378476,0.6115102614143593,0.630134963691059,0.6092693481238562,0.1592834726731537
627,627,627,627,627,627,627,627,627,627,627,627,627,627,627,627,627,627,627,627,627,627,627,627,627,627,627,627,627,627,627,627,627,627,627,627,627,627,627,628,2022-06-24,0.6286697714571035,0.6083350908360068,0.619155316567413,0.6050261172548339,0.1445653511145736
628,628,628,628,628,628,628,628,628,628,628,628,628,628,628,628,628,628,628,628,628,628,628,628,628,628,628,628,628,628,628,628,628,628,628,628,628,628,628,629,2022-06-27,0.6856279404698538,0.6659940004062535,0.6616425022715177,0.6481135813294843,0.1524029273448891
629,629,629,629,629,629,629,629,629,629,629,629,629,629,629,629,629,629,629,629,629,629,629,629,629,629,629,629,629,629,629,629,629,629,629,629,629,629,629,630,2022-06-28,0.6824457812778018,0.6743501950076716,0.6877394355154266,0.6807555551765256,0.1281020202739393
630,630,630,630,630,630,630,630,630,630,630,630,630,630,630,630,630,630,630,630,630,630,630,630,630,630,630,630,630,630,630,630,630,630,630,630,630,630,630,631,2022-06-29,0.6738544421125543,0.6609801195287304,0.6738954809032686,0.6694942723341404,0.1224441711479566
631,631,631,631,631,631,631,631,631,631,631,631,631,631,631,631,631,631,631,631,631,631,631,631,631,631,631,631,631,631,631,631,631,631,631,631,631,631,631,632,2022-06-30,0.6321697649491327,0.6427633032823128,0.6444565890439352,0.6548053041783719,0.2082212523482647
632,632,632,632,632,632,632,632,632,632,632,632,632,632,632,632,632,632,632,632,632,632,632,632,632,632,632,632,632,632,632,632,632,632,632,632,632,632,632,633,2022-07-01,0.6372611106223509,0.6277218980866901,0.6417515234746457,0.6314662574969245,0.1486224903281695
633,633,633,633,633,633,633,633,633,633,633,633,633,633,633,633,633,633,633,633,633,633,633,633,633,633,633,633,633,633,633,633,633,633,633,633,633,633,633,634,2022-07-04,0.6491935261296391,0.6427631747893425,0.6581415506585918,0.6455021710138948,0.105713555462475
634,634,634,634,634,634,634,634,634,634,634,634,634,634,634,634,634,634,634,634,634,634,634,634,634,634,634,634,634,634,634,634,634,634,634,634,634,634,634,635,2022-07-05,0.6456935326376099,0.6370809233954557,0.6476392587396899,0.6339143690263023,0.093419532295909
635,635,635,635,635,635,635,635,635,635,635,635,635,635,635,635,635,635,635,635,635,635,635,635,635,635,635,635,635,635,635,635,635,635,635,635,635,635,635,636,2022-07-06,0.6579441913226194,0.6436822762387184,0.6433425938857326,0.6257537067825307,0.1491812932039769
636,636,636,636,636,636,636,636,636,636,636,636,636,636,636,636,636,636,636,636,636,636,636,636,636,636,636,636,636,636,636,636,636,636,636,636,636,636,636,637,2022-07-07,0.6751274148234403,0.6539609290972626,0.6635522154406402,0.6521939789039368,0.1252531213273451
637,637,637,637,637,637,637,637,637,637,637,637,637,637,637,637,637,637,637,637,637,637,637,637,637,637,637,637,637,637,637,637,637,637,637,637,637,637,637,638,2022-07-08,0.6673310702858799,0.6693363457118817,0.6762821733385792,0.6809188278294742,0.1232645604708868
638,638,638,638,638,638,638,638,638,638,638,638,638,638,638,638,638,638,638,638,638,638,638,638,638,638,638,638,638,638,638,638,638,638,638,638,638,638,638,639,2022-07-11,0.6666948565155999,0.6648240501909586,0.672781529148445,0.6645978424372654,0.0692743414406737
639,639,639,639,639,639,639,639,639,639,639,639,639,639,639,639,639,639,639,639,639,639,639,639,639,639,639,639,639,639,639,639,639,639,639,639,639,639,639,640,2022-07-12,0.6838778074312577,0.6673309195794299,0.6773962104563965,0.6637817951447118,0.1390813930938898
640,640,640,640,640,640,640,640,640,640,640,640,640,640,640,640,640,640,640,640,640,640,640,640,640,640,640,640,640,640,640,640,640,640,640,640,640,640,640,641,2022-07-13,0.6997880582211924,0.6798655660319917,0.6875805157032796,0.6768387831692502,0.1612250067526013
641,641,641,641,641,641,641,641,641,641,641,641,641,641,641,641,641,641,641,641,641,641,641,641,641,641,641,641,641,641,641,641,641,641,641,641,641,641,641,642,2022-07-14,0.6773547081897464,0.6751859447142967,0.6871030830891925,0.6734113041878906,0.1324494178726825
642,642,642,642,642,642,642,642,642,642,642,642,642,642,642,642,642,642,642,642,642,642,642,642,642,642,642,642,642,642,642,642,642,642,642,642,642,642,642,643,2022-07-15,0.6781499754025964,0.6571359611981444,0.659891916073781,0.6557843406263817,0.1425768502412491
643,643,643,643,643,643,643,643,643,643,643,643,643,643,643,643,643,643,643,643,643,643,643,643,643,643,643,643,643,643,643,643,643,643,643,643,643,643,643,644,2022-07-18,0.6935827932796583,0.6758542180704776,0.6859889501646469,0.6859782319187901,0.0898985223334902
644,644,644,644,644,644,644,644,644,644,644,644,644,644,644,644,644,644,644,644,644,644,644,644,644,644,644,644,644,644,644,644,644,644,644,644,644,644,644,645,2022-07-19,0.7048792676018292,0.6858821243883908,0.6977648265280904,0.6869578528920173,0.082025196155345
645,645,645,645,645,645,645,645,645,645,645,645,645,645,645,645,645,645,645,645,645,645,645,645,645,645,645,645,645,645,645,645,645,645,645,645,645,645,645,646,2022-07-20,0.7219030287823356,0.7087785177141463,0.725930441910189,0.7135610382190867,0.0854614499495032
646,646,646,646,646,646,646,646,646,646,646,646,646,646,646,646,646,646,646,646,646,646,646,646,646,646,646,646,646,646,646,646,646,646,646,646,646,646,646,647,2022-07-21,0.7473593482706824,0.7306721266425651,0.7249756540462767,0.7168251473108027,0.1385399853269258
647,647,647,647,647,647,647,647,647,647,647,647,647,647,647,647,647,647,647,647,647,647,647,647,647,647,647,647,647,647,647,647,647,647,647,647,647,647,647,648,2022-07-22,0.7502232642850132,0.7425382509651957,0.7482085140454448,0.7355944895135968,0.2492140260001692
648,648,648,648,648,648,648,648,648,648,648,648,648,648,648,648,648,648,648,648,648,648,648,648,648,648,648,648,648,648,648,648,648,648,648,648,648,648,648,649,2022-07-25,0.7386086830777019,0.7341817669086637,0.7474127211467668,0.744244535190586,0.0792869660908745
649,649,649,649,649,649,649,649,649,649,649,649,649,649,649,649,649,649,649,649,649,649,649,649,649,649,649,649,649,649,649,649,649,649,649,649,649,649,649,650,2022-07-26,0.7331995031045067,0.7244886998672724,0.7407295634089924,0.734615388720705,0.0551141829940257
650,650,650,650,650,650,650,650,650,650,650,650,650,650,650,650,650,650,650,650,650,650,650,650,650,650,650,650,650,650,650,650,650,650,650,650,650,650,650,651,2022-07-27,0.7677243220858109,0.7590838544376229,0.7412067039387035,0.7218847366923447,0.1122037305550425
651,651,651,651,651,651,651,651,651,651,651,651,651,651,651,651,651,651,651,651,651,651,651,651,651,651,651,651,651,651,651,651,651,651,651,651,651,651,651,652,2022-07-28,0.7834756557257573,0.7729556552700881,0.7833761364705621,0.770358649786636,0.1769949325648614
652,652,652,652,652,652,652,652,652,652,652,652,652,652,652,652,652,652,652,652,652,652,652,652,652,652,652,652,652,652,652,652,652,652,652,652,652,652,652,653,2022-07-29,0.7974764474493629,0.7924259058245567,0.7991297313854487,0.7837418063241403,0.1662742670016045
653,653,653,653,653,653,653,653,653,653,653,653,653,653,653,653,653,653,653,653,653,653,653,653,653,653,653,653,653,653,653,653,653,653,653,653,653,653,653,654,2022-08-01,0.8024087396800111,0.7876628952544523,0.783057748132917,0.7899438271403602,0.1214089822223787
654,654,654,654,654,654,654,654,654,654,654,654,654,654,654,654,654,654,654,654,654,654,654,654,654,654,654,654,654,654,654,654,654,654,654,654,654,654,654,655,2022-08-02,0.8165687211387683,0.8075509197669092,0.8043810007293263,0.7950032552710226,0.0932682548321063
655,655,655,655,655,655,655,655,655,655,655,655,655,655,655,655,655,655,655,655,655,655,655,655,655,655,655,655,655,655,655,655,655,655,655,655,655,655,655,656,2022-08-03,0.7927034812464476,0.7921752388407447,0.8013575374904282,0.7992467924970729,0.1002229393139237
656,656,656,656,656,656,656,656,656,656,656,656,656,656,656,656,656,656,656,656,656,656,656,656,656,656,656,656,656,656,656,656,656,656,656,656,656,656,656,657,2022-08-04,0.8138639948595893,0.8028713416389032,0.8113826790231434,0.7963089450087503,0.093954761800077
657,657,657,657,657,657,657,657,657,657,657,657,657,657,657,657,657,657,657,657,657,657,657,657,657,657,657,657,657,657,657,657,657,657,657,657,657,657,657,658,2022-08-05,0.8076590025032179,0.802369943376816,0.8155199050051004,0.804795814504326,0.0720309263441305
658,658,658,658,658,658,658,658,658,658,658,658,658,658,658,658,658,658,658,658,658,658,658,658,658,658,658,658,658,658,658,658,658,658,658,658,658,658,658,659,2022-08-08,0.826592086457472,0.8179128728718236,0.8139287004720567,0.7964722159113483,0.0786915735033623
659,659,659,659,659,659,659,659,659,659,659,659,659,659,659,659,659,659,659,659,659,659,659,659,659,659,659,659,659,659,659,659,659,659,659,659,659,659,659,660,2022-08-09,0.8055907625794817,0.8083867153960295,0.8093140532818527,0.8145887252878109,0.1366668920033065
660,660,660,660,660,660,660,660,660,660,660,660,660,660,660,660,660,660,660,660,660,660,660,660,660,660,660,660,660,660,660,660,660,660,660,660,660,660,660,661,2022-08-10,0.8011357669691251,0.7971890239819092,0.7984931284451681,0.7997363148826645,0.1517462319944878
661,661,661,661,661,661,661,661,661,661,661,661,661,661,661,661,661,661,661,661,661,661,661,661,661,661,661,661,661,661,661,661,661,661,661,661,661,661,661,662,2022-08-11,0.7987492838676674,0.8057126360214627,0.8004027838823783,0.8016949581069751,0.1424400886958605
662,662,662,662,662,662,662,662,662,662,662,662,662,662,662,662,662,662,662,662,662,662,662,662,662,662,662,662,662,662,662,662,662,662,662,662,662,662,662,663,2022-08-12,0.7906349687375486,0.775462365705787,0.7889454031806996,0.7812935188877644,0.1422274484860347
663,663,663,663,663,663,663,663,663,663,663,663,663,663,663,663,663,663,663,663,663,663,663,663,663,663,663,663,663,663,663,663,663,663,663,663,663,663,663,664,2022-08-15,0.7925444278038777,0.7873286114450196,0.8000846818099999,0.7858635994542499,0.0691809477011254
664,664,664,664,664,664,664,664,664,664,664,664,664,664,664,664,664,664,664,664,664,664,664,664,664,664,664,664,664,664,664,664,664,664,664,664,664,664,664,665,2022-08-16,0.8084545423012309,0.7988603897172143,0.8062906331905227,0.796798628716329,0.098282544914021
665,665,665,665,665,665,665,665,665,665,665,665,665,665,665,665,665,665,665,665,665,665,665,665,665,665,665,665,665,665,665,665,665,665,665,665,665,665,665,666,2022-08-17,0.8126786582785853,0.8127862386469508,0.8249961195375509,0.820006915819922,0.1829314633311405
666,666,666,666,666,666,666,666,666,666,666,666,666,666,666,666,666,666,666,666,666,666,666,666,666,666,666,666,666,666,666,666,666,666,666,666,666,666,666,667,2022-08-18,0.8349361908799412,0.8235377494258712,0.8259710202692457,0.812840507557327,0.1476167531213573
667,667,667,667,667,667,667,667,667,667,667,667,667,667,667,667,667,667,667,667,667,667,667,667,667,667,667,667,667,667,667,667,667,667,667,667,667,667,667,668,2022-08-19,0.8180398632631048,0.8237084301139904,0.8238586545411665,0.8308398312701005,0.1832521931483305
668,668,668,668,668,668,668,668,668,668,668,668,668,668,668,668,668,668,668,668,668,668,668,668,668,668,668,668,668,668,668,668,668,668,668,668,668,668,668,669,2022-08-22,0.8019558394318019,0.8015226419253841,0.811834076412472,0.8018407690945931,0.0867482681219694
669,669,669,669,669,669,669,669,669,669,669,669,669,669,669,669,669,669,669,669,669,669,669,669,669,669,669,669,669,669,669,669,669,669,669,669,669,669,669,670,2022-08-23,0.7704379073827853,0.7824941912424633,0.7827481992619177,0.7883415377356512,0.1201919844178214
670,670,670,670,670,670,670,670,670,670,670,670,670,670,670,670,670,670,670,670,670,670,670,670,670,670,670,670,670,670,670,670,670,670,670,670,670,670,670,671,2022-08-24,0.7733620647181237,0.7713157725345655,0.7850229941259262,0.7675087908909021,0.1082426243388884
671,671,671,671,671,671,671,671,671,671,671,671,671,671,671,671,671,671,671,671,671,671,671,671,671,671,671,671,671,671,671,671,671,671,671,671,671,671,671,672,2022-08-25,0.7834350405364806,0.7716573112218511,0.7767360061648066,0.7721753995539954,0.0813356900306771
672,672,672,672,672,672,672,672,672,672,672,672,672,672,672,672,672,672,672,672,672,672,672,672,672,672,672,672,672,672,672,672,672,672,672,672,672,672,672,673,2022-08-26,0.7913958902198693,0.7827502321950522,0.7929853319784864,0.7833417384915154,0.0938563894604115
673,673,673,673,673,673,673,673,673,673,673,673,673,673,673,673,673,673,673,673,673,673,673,673,673,673,673,673,673,673,673,673,673,673,673,673,673,673,673,674,2022-08-29,0.7584156750643115,0.7493009609575616,0.7599995189111343,0.7555095458876658,0.105398044177938
674,674,674,674,674,674,674,674,674,674,674,674,674,674,674,674,674,674,674,674,674,674,674,674,674,674,674,674,674,674,674,674,674,674,674,674,674,674,674,675,2022-08-30,0.7628021155061911,0.7590283894384268,0.7713737412404466,0.7535095312854204,0.0889776612612065
675,675,675,675,675,675,675,675,675,675,675,675,675,675,675,675,675,675,675,675,675,675,675,675,675,675,675,675,675,675,675,675,675,675,675,675,675,675,675,676,2022-08-31,0.7777487777451663,0.761758974158678,0.7669864791837021,0.7560092994678417,0.1539346566532422
676,676,676,676,676,676,676,676,676,676,676,676,676,676,676,676,676,676,676,676,676,676,676,676,676,676,676,676,676,676,676,676,676,676,676,676,676,676,676,677,2022-09-01,0.7546789413582772,0.7530553700585797,0.7442376554859501,0.7445099089684479,0.1726303797898107
677,677,677,677,677,677,677,677,677,677,677,677,677,677,677,677,677,677,677,677,677,677,677,677,677,677,677,677,677,677,677,677,677,677,677,677,677,677,677,678,2022-09-02,0.7693006820830387,0.7605644900824319,0.7671490035883571,0.7483430674625491,0.1099280904195358
678,678,678,678,678,678,678,678,678,678,678,678,678,678,678,678,678,678,678,678,678,678,678,678,678,678,678,678,678,678,678,678,678,678,678,678,678,678,678,679,2022-09-05,0.7621522724777646,0.7619297369832675,0.7646303383832888,0.7713422053171616,0.0967228034821169
679,679,679,679,679,679,679,679,679,679,679,679,679,679,679,679,679,679,679,679,679,679,679,679,679,679,679,679,679,679,679,679,679,679,679,679,679,679,679,680,2022-09-06,0.7556537059009171,0.7477649751926598,0.7679614885075173,0.7503430112659456,0.0795345764677887
680,680,680,680,680,680,680,680,680,680,680,680,680,680,680,680,680,680,680,680,680,680,680,680,680,680,680,680,680,680,680,680,680,680,680,680,680,680,680,681,2022-09-07,0.7229982759669908,0.7464848966024362,0.7344881305398326,0.7468431106759321,0.1514999412465203
681,681,681,681,681,681,681,681,681,681,681,681,681,681,681,681,681,681,681,681,681,681,681,681,681,681,681,681,681,681,681,681,681,681,681,681,681,681,681,682,2022-09-08,0.7410318288835738,0.7308696286552339,0.7312382100927367,0.72451056195454,0.1410256264143648
682,682,682,682,682,682,682,682,682,682,682,682,682,682,682,682,682,682,682,682,682,682,682,682,682,682,682,682,682,682,682,682,682,682,682,682,682,682,682,683,2022-09-09,0.7462305731109866,0.75868701647141,0.7392001720461864,0.7428430509205559,0.1607255871793969
683,683,683,683,683,683,683,683,683,683,683,683,683,683,683,683,683,683,683,683,683,683,683,683,683,683,683,683,683,683,683,683,683,683,683,683,683,683,683,684,2022-09-12,0.7584156750643115,0.7486183058918097,0.7601619216516834,0.7466765711295429,0.0747211099183131
684,684,684,684,684,684,684,684,684,684,684,684,684,684,684,684,684,684,684,684,684,684,684,684,684,684,684,684,684,684,684,684,684,684,684,684,684,684,684,685,2022-09-13,0.7853847059143418,0.7721693202603711,0.7781984217824139,0.7633424743697227,0.1195210730646756
685,685,685,685,685,685,685,685,685,685,685,685,685,685,685,685,685,685,685,685,685,685,685,685,685,685,685,685,685,685,685,685,685,685,685,685,685,685,685,686,2022-09-14,0.7288469995154119,0.7312108924406306,0.7406627761948602,0.7405099337770382,0.1564384126471319
686,686,686,686,686,686,686,686,686,686,686,686,686,686,686,686,686,686,686,686,686,686,686,686,686,686,686,686,686,686,686,686,686,686,686,686,686,686,686,687,2022-09-15,0.7385947812343925,0.7254083289243403,0.7444000885627694,0.7275103938032423,0.1807771690755993
687,687,687,687,687,687,687,687,687,687,687,687,687,687,687,687,687,687,687,687,687,687,687,687,687,687,687,687,687,687,687,687,687,687,687,687,687,687,687,688,2022-09-16,0.7251102658093773,0.7243843434032584,0.7344066786219291,0.7225105961803964,0.3376965864738153
688,688,688,688,688,688,688,688,688,688,688,688,688,688,688,688,688,688,688,688,688,688,688,688,688,688,688,688,688,688,688,688,688,688,688,688,688,688,688,689,2022-09-19,0.7320963509501264,0.7201179648740559,0.7377379044585816,0.7175108511965771,0.0673857124853633
689,689,689,689,689,689,689,689,689,689,689,689,689,689,689,689,689,689,689,689,689,689,689,689,689,689,689,689,689,689,689,689,689,689,689,689,689,689,689,690,2022-09-20,0.762477193991978,0.7503249120513343,0.7606494108884755,0.7458431253301692,0.122283356365857
690,690,690,690,690,690,690,690,690,690,690,690,690,690,690,690,690,690,690,690,690,690,690,690,690,690,690,690,690,690,690,690,690,690,690,690,690,690,690,691,2022-09-21,0.7449308870541334,0.7414503994956081,0.7512247258699422,0.7513428204915554,0.0957537159701435
691,691,691,691,691,691,691,691,691,691,691,691,691,691,691,691,691,691,691,691,691,691,691,691,691,691,691,691,691,691,691,691,691,691,691,691,691,691,691,692,2022-09-23,0.7155249448475034,0.7177287725462909,0.7239261435833398,0.7220106565437459,0.1421281164162261
692,692,692,692,692,692,692,692,692,692,692,692,692,692,692,692,692,692,692,692,692,692,692,692,692,692,692,692,692,692,692,692,692,692,692,692,692,692,692,693,2022-09-26,0.7150375625761833,0.7021987849527696,0.7057269877777436,0.6900119061217338,0.1153854759118831
693,693,693,693,693,693,693,693,693,693,693,693,693,693,693,693,693,693,693,693,693,693,693,693,693,693,693,693,693,693,693,693,693,693,693,693,693,693,693,694,2022-09-27,0.7121131326556822,0.7083423500182229,0.7170201105146036,0.7123443807251473,0.1414847973046938
694,694,694,694,694,694,694,694,694,694,694,694,694,694,694,694,694,694,694,694,694,694,694,694,694,694,694,694,694,694,694,694,694,694,694,694,694,694,694,695,2022-09-28,0.6976539889806086,0.685474182578153,0.6977650276938813,0.6883454451054758,0.1249537455058386
695,695,695,695,695,695,695,695,695,695,695,695,695,695,695,695,695,695,695,695,695,695,695,695,695,695,695,695,695,695,695,695,695,695,695,695,695,695,695,696,2022-09-29,0.7070767128927944,0.7057824897707332,0.7193762506906106,0.7105110426314114,0.1045817337081159
696,696,696,696,696,696,696,696,696,696,696,696,696,696,696,696,696,696,696,696,696,696,696,696,696,696,696,696,696,696,696,696,696,696,696,696,696,696,696,697,2022-09-30,0.6677602556249143,0.6893991843209881,0.672903557836554,0.7003447789617994,0.2033913504200888
697,697,697,697,697,697,697,697,697,697,697,697,697,697,697,697,697,697,697,697,697,697,697,697,697,697,697,697,697,697,697,697,697,697,697,697,697,697,697,698,2022-10-03,0.6662981088109543,0.6576564167540333,0.6631540377729991,0.6658460831154192,0.1012164399614116
698,698,698,698,698,698,698,698,698,698,698,698,698,698,698,698,698,698,698,698,698,698,698,698,698,698,698,698,698,698,698,698,698,698,698,698,698,698,698,699,2022-10-04,0.7342083407925128,0.717387472125411,0.6993897839237503,0.6800122883162814,0.1607507201125187
699,699,699,699,699,699,699,699,699,699,699,699,699,699,699,699,699,699,699,699,699,699,699,699,699,699,699,699,699,699,699,699,699,699,699,699,699,699,699,700,2022-10-05,0.7748244841172464,0.7639775795968259,0.7627617225498354,0.746509741002672,0.2111039817824024
700,700,700,700,700,700,700,700,700,700,700,700,700,700,700,700,700,700,700,700,700,700,700,700,700,700,700,700,700,700,700,700,700,700,700,700,700,700,700,701,2022-10-06,0.7681633204907107,0.7551032583232423,0.7673114156103379,0.7566759630155556,0.1022841397455863
701,701,701,701,701,701,701,701,701,701,701,701,701,701,701,701,701,701,701,701,701,701,701,701,701,701,701,701,701,701,701,701,701,701,701,701,701,701,701,702,2022-10-07,0.7606899893712232,0.7491302075429711,0.7481373734145812,0.7298436671263364,0.1262349852468483
702,702,702,702,702,702,702,702,702,702,702,702,702,702,702,702,702,702,702,702,702,702,702,702,702,702,702,702,702,702,702,702,702,702,702,702,702,702,702,703,2022-10-10,0.7369700373707444,0.7289921683499434,0.7408251212590787,0.7360099743792781,0.0822425750327523
703,703,703,703,703,703,703,703,703,703,703,703,703,703,703,703,703,703,703,703,703,703,703,703,703,703,703,703,703,703,703,703,703,703,703,703,703,703,703,704,2022-10-11,0.7213735321033428,0.7274562276176284,0.7309131626991129,0.735010117317674,0.0978464675302598
704,704,704,704,704,704,704,704,704,704,704,704,704,704,704,704,704,704,704,704,704,704,704,704,704,704,704,704,704,704,704,704,704,704,704,704,704,704,704,705,2022-10-12,0.7585779995288368,0.7511780452923836,0.7361130042510252,0.7175108458810475,0.138686524123147
705,705,705,705,705,705,705,705,705,705,705,705,705,705,705,705,705,705,705,705,705,705,705,705,705,705,705,705,705,705,705,705,705,705,705,705,705,705,705,706,2022-10-13,0.7884714602993682,0.7936723830166555,0.7817732799935765,0.7700089257767423,0.1781739010624992
706,706,706,706,706,706,706,706,706,706,706,706,706,706,706,706,706,706,706,706,706,706,706,706,706,706,706,706,706,706,706,706,706,706,706,706,706,706,706,707,2022-10-14,0.800981074889162,0.8040824162414478,0.812484041331856,0.8093405383186537,0.1177333357406564
707,707,707,707,707,707,707,707,707,707,707,707,707,707,707,707,707,707,707,707,707,707,707,707,707,707,707,707,707,707,707,707,707,707,707,707,707,707,707,708,2022-10-17,0.7878214809783602,0.7858219325209729,0.7972911880787822,0.7921746624184735,0.0749689002446292
708,708,708,708,708,708,708,708,708,708,708,708,708,708,708,708,708,708,708,708,708,708,708,708,708,708,708,708,708,708,708,708,708,708,708,708,708,708,708,709,2022-10-18,0.8152780303922919,0.804935908062954,0.8092343836486217,0.80450751235997,0.1272700542061583
709,709,709,709,709,709,709,709,709,709,709,709,709,709,709,709,709,709,709,709,709,709,709,709,709,709,709,709,709,709,709,709,709,709,709,709,709,709,709,710,2022-10-19,0.826650692267502,0.8185888306704227,0.8311708549553886,0.8183404258479651,0.119179169201204
710,710,710,710,710,710,710,710,710,710,710,710,710,710,710,710,710,710,710,710,710,710,710,710,710,710,710,710,710,710,710,710,710,710,710,710,710,710,710,711,2022-10-20,0.8313620542235948,0.8193567719202964,0.824021170779672,0.8098407193909384,0.1570997866819807
711,711,711,711,711,711,711,711,711,711,711,711,711,711,711,711,711,711,711,711,711,711,711,711,711,711,711,711,711,711,711,711,711,711,711,711,711,711,711,712,2022-10-21,0.8071548562443777,0.8131276867435534,0.8048470764945203,0.8133405337572192,0.1680353718141533
712,712,712,712,712,712,712,712,712,712,712,712,712,712,712,712,712,712,712,712,712,712,712,712,712,712,712,712,712,712,712,712,712,712,712,712,712,712,712,713,2022-10-24,0.826650692267502,0.8250738580299654,0.8269460285414415,0.8316731714064861,0.07658214663201
713,713,713,713,713,713,713,713,713,713,713,713,713,713,713,713,713,713,713,713,713,713,713,713,713,713,713,713,713,713,713,713,713,713,713,713,713,713,713,714,2022-10-25,0.8477709995691113,0.8377026586013955,0.842382849604426,0.838339615794213,0.0931004820064694
714,714,714,714,714,714,714,714,714,714,714,714,714,714,714,714,714,714,714,714,714,714,714,714,714,714,714,714,714,714,714,714,714,714,714,714,714,714,714,715,2022-10-26,0.8513451362254575,0.8487954688804363,0.8571694562418185,0.8466725265986504,0.0938481117879274
715,715,715,715,715,715,715,715,715,715,715,715,715,715,715,715,715,715,715,715,715,715,715,715,715,715,715,715,715,715,715,715,715,715,715,715,715,715,715,716,2022-10-27,0.8581686243165184,0.8655202039911184,0.8277584601327664,0.8666717206602189,0.1487289603909173
716,716,716,716,716,716,716,716,716,716,716,716,716,716,716,716,716,716,716,716,716,716,716,716,716,716,716,716,716,716,716,716,716,716,716,716,716,716,716,717,2022-10-28,0.8711658937627952,0.865349578682948,0.8769935775780734,0.8663385251607499,0.1245215070426497
717,717,717,717,717,717,717,717,717,717,717,717,717,717,717,717,717,717,717,717,717,717,717,717,717,717,717,717,717,717,717,717,717,717,717,717,717,717,717,718,2022-10-31,0.8948857094706922,0.8902659284409772,0.8931616010516142,0.8836712355730162,0.1639624570363305
718,718,718,718,718,718,718,718,718,718,718,718,718,718,718,718,718,718,718,718,718,718,718,718,718,718,718,718,718,718,718,718,718,718,718,718,718,718,718,719,2022-11-01,0.917143242072048,0.9081851209082826,0.8932426683652362,0.8925040710492448,0.1366142268117051
719,719,719,719,719,719,719,719,719,719,719,719,719,719,719,719,719,719,719,719,719,719,719,719,719,719,719,719,719,719,719,719,719,719,719,719,719,719,719,720,2022-11-02,0.9158435560151948,0.9209846709716432,0.9159916284222404,0.9143365850527188,0.1033565781973424
720,720,720,720,720,720,720,720,720,720,720,720,720,720,720,720,720,720,720,720,720,720,720,720,720,720,720,720,720,720,720,720,720,720,720,720,720,720,720,721,2022-11-03,0.8919611432576097,0.8885591432154242,0.8955174795835109,0.8926706981407905,0.1075296048257151
721,721,721,721,721,721,721,721,721,721,721,721,721,721,721,721,721,721,721,721,721,721,721,721,721,721,721,721,721,721,721,721,721,721,721,721,721,721,721,722,2022-11-04,0.8684039245994005,0.873029109579574,0.8722811916825596,0.8761713128411653,0.1461796172152314
722,722,722,722,722,722,722,722,722,722,722,722,722,722,722,722,722,722,722,722,722,722,722,722,722,722,722,722,722,722,722,722,722,722,722,722,722,722,722,723,2022-11-07,0.8688913068707206,0.8730291190062885,0.8717937444334422,0.8796712994302501,0.0819624537972413
723,723,723,723,723,723,723,723,723,723,723,723,723,723,723,723,723,723,723,723,723,723,723,723,723,723,723,723,723,723,723,723,723,723,723,723,723,723,723,724,2022-11-08,0.8916362217433963,0.8873644798079429,0.8847930272638872,0.8723380786932916,0.0913008680219296
724,724,724,724,724,724,724,724,724,724,724,724,724,724,724,724,724,724,724,724,724,724,724,724,724,724,724,724,724,724,724,724,724,724,724,724,724,724,724,725,2022-11-09,0.8963475836994893,0.894532165073095,0.892430049173993,0.888337451196212,0.0983352700887564
725,725,725,725,725,725,725,725,725,725,725,725,725,725,725,725,725,725,725,725,725,725,725,725,725,725,725,725,725,725,725,725,725,725,725,725,725,725,725,726,2022-11-10,0.8844879484307037,0.897604255677864,0.8937302102495818,0.9038370632214864,0.1033204083675752
726,726,726,726,726,726,726,726,726,726,726,726,726,726,726,726,726,726,726,726,726,726,726,726,726,726,726,726,726,726,726,726,726,726,726,726,726,726,726,727,2022-11-11,0.9132441839014884,0.9141583758060684,0.9119294458542864,0.920003221872506,0.1819798309111444
727,727,727,727,727,727,727,727,727,727,727,727,727,727,727,727,727,727,727,727,727,727,727,727,727,727,727,727,727,727,727,727,727,727,727,727,727,727,727,728,2022-11-14,0.9017090612691716,0.8986280939849279,0.8946238469479272,0.9048369069085446,0.0940826458416422
728,728,728,728,728,728,728,728,728,728,728,728,728,728,728,728,728,728,728,728,728,728,728,728,728,728,728,728,728,728,728,728,728,728,728,728,728,728,728,729,2022-11-15,0.9241293272127972,0.9320775113178258,0.921028891443277,0.9100035623498424,0.1245828098055388
729,729,729,729,729,729,729,729,729,729,729,729,729,729,729,729,729,729,729,729,729,729,729,729,729,729,729,729,729,729,729,729,729,729,729,729,729,729,729,730,2022-11-16,0.8932611018996258,0.8982869746924181,0.8867431096940531,0.8998373146987387,0.155416659943557
730,730,730,730,730,730,730,730,730,730,730,730,730,730,730,730,730,730,730,730,730,730,730,730,730,730,730,730,730,730,730,730,730,730,730,730,730,730,730,731,2022-11-17,0.910482214738094,0.9059665362357469,0.9124167988226992,0.9120033658178258,0.1382289727774344
731,731,731,731,731,731,731,731,731,731,731,731,731,731,731,731,731,731,731,731,731,731,731,731,731,731,731,731,731,731,731,731,731,731,731,731,731,731,731,732,2022-11-18,0.9134065083660136,0.911257005363022,0.9150166598021008,0.905836944935176,0.1606206766781316
732,732,732,732,732,732,732,732,732,732,732,732,732,732,732,732,732,732,732,732,732,732,732,732,732,732,732,732,732,732,732,732,732,732,732,732,732,732,732,733,2022-11-21,0.9257539347838636,0.9265311059518688,0.9322408665074594,0.9233362957323364,0.1449094743540011
733,733,733,733,733,733,733,733,733,733,733,733,733,733,733,733,733,733,733,733,733,733,733,733,733,733,733,733,733,733,733,733,733,733,733,733,733,733,733,734,2022-11-22,0.9407004607302571,0.9392451319574004,0.9389028046480802,0.9256693560134148,0.1226593906325419
734,734,734,734,734,734,734,734,734,734,734,734,734,734,734,734,734,734,734,734,734,734,734,734,734,734,734,734,734,734,734,734,734,734,734,734,734,734,734,735,2022-11-23,0.9499609964704996,0.9464128873569784,0.9569394932081682,0.9466686555791296,0.0949106530225831
735,735,735,735,735,735,735,735,735,735,735,735,735,735,735,735,735,735,735,735,735,735,735,735,735,735,735,735,735,735,735,735,735,735,735,735,735,735,735,736,2022-11-24,0.948986368220441,0.9469249708667068,0.9541772773921344,0.947835393948288,0.0804467399856508
736,736,736,736,736,736,736,736,736,736,736,736,736,736,736,736,736,736,736,736,736,736,736,736,736,736,736,736,736,736,736,736,736,736,736,736,736,736,736,737,2022-11-25,0.9683194709012956,0.9619429084131744,0.9598643948633367,0.950001852218144,0.1087362855312343
737,737,737,737,737,737,737,737,737,737,737,737,737,737,737,737,737,737,737,737,737,737,737,737,737,737,737,737,737,737,737,737,737,737,737,737,737,737,737,738,2022-11-28,0.9566221600970352,0.959553704638034,0.9632767338284168,0.9591682406046153,0.0946721000988942
738,738,738,738,738,738,738,738,738,738,738,738,738,738,738,738,738,738,738,738,738,738,738,738,738,738,738,738,738,738,738,738,738,738,738,738,738,738,738,739,2022-11-29,0.950286054277294,0.9488023080492426,0.953202429751815,0.9510020465471766,0.0779903706675756
739,739,739,739,739,739,739,739,739,739,739,739,739,739,739,739,739,739,739,739,739,739,739,739,739,739,739,739,739,739,739,739,739,739,739,739,739,739,739,740,2022-11-30,0.9465493205712596,0.9535806345138086,0.9519023430368496,0.9530017632993398,0.3335756252057046
740,740,740,740,740,740,740,740,740,740,740,740,740,740,740,740,740,740,740,740,740,740,740,740,740,740,740,740,740,740,740,740,740,740,740,740,740,740,740,741,2022-12-01,0.9556472592618136,0.9583590591669828,0.9624643182872492,0.9546684384445486,0.0611425479383706
741,741,741,741,741,741,741,741,741,741,741,741,741,741,741,741,741,741,741,741,741,741,741,741,741,741,741,741,741,741,741,741,741,741,741,741,741,741,741,742,2022-12-02,0.93176498279681,0.9482902028201352,0.9354906010206,0.9533351372074956,0.1860118371916184
742,742,742,742,742,742,742,742,742,742,742,742,742,742,742,742,742,742,742,742,742,742,742,742,742,742,742,742,742,742,742,742,742,742,742,742,742,742,742,743,2022-12-05,0.9316025220397032,0.9365145416174964,0.9432901850756577,0.9355024057773774,0.0649471581580691
743,743,743,743,743,743,743,743,743,743,743,743,743,743,743,743,743,743,743,743,743,743,743,743,743,743,743,743,743,743,743,743,743,743,743,743,743,743,743,744,2022-12-06,0.923479347891789,0.9371972452421484,0.9338656666205956,0.922169581341194,0.0999251230538997
744,744,744,744,744,744,744,744,744,744,744,744,744,744,744,744,744,744,744,744,744,744,744,744,744,744,744,744,744,744,744,744,744,744,744,744,744,744,744,745,2022-12-07,0.909020067924134,0.91313419022089,0.9054296121785772,0.9058369899565653,0.1531112681736149
745,745,745,745,745,745,745,745,745,745,745,745,745,745,745,745,745,745,745,745,745,745,745,745,745,745,745,745,745,745,745,745,745,745,745,745,745,745,745,746,2022-12-08,0.9057708527820008,0.9071612775784104,0.910792024068919,0.9123368821572836,0.0886691680033408
746,746,746,746,746,746,746,746,746,746,746,746,746,746,746,746,746,746,746,746,746,746,746,746,746,746,746,746,746,746,746,746,746,746,746,746,746,746,746,747,2022-12-09,0.8997596684764734,0.9018707790621556,0.9047796958771298,0.9016705520246484,0.1022144393439452
747,747,747,747,747,747,747,747,747,747,747,747,747,747,747,747,747,747,747,747,747,747,747,747,747,747,747,747,747,747,747,747,747,747,747,747,747,747,747,748,2022-12-12,0.9064205595178462,0.8984575443735398,0.9060795767099078,0.8966706056788053,0.0601543258066696
748,748,748,748,748,748,748,748,748,748,748,748,748,748,748,748,748,748,748,748,748,748,748,748,748,748,748,748,748,748,748,748,748,748,748,748,748,748,748,749,2022-12-13,0.923479347891789,0.9278109021610288,0.927041033329844,0.91883642697126,0.138682385286905
749,749,749,749,749,749,749,749,749,749,749,749,749,749,749,749,749,749,749,749,749,749,749,749,749,749,749,749,749,749,749,749,749,749,749,749,749,749,749,750,2022-12-14,0.9312776005254898,0.9254217071762006,0.9260660275769398,0.9236696212349907,0.0964901289055543
750,750,750,750,750,750,750,750,750,750,750,750,750,750,750,750,750,750,750,750,750,750,750,750,750,750,750,750,750,750,750,750,750,750,750,750,750,750,750,751,2022-12-15,0.9293282077327916,0.9361734670969344,0.9322409023786536,0.92500290996653,0.1135934797853539
751,751,751,751,751,751,751,751,751,751,751,751,751,751,751,751,751,751,751,751,751,751,751,751,751,751,751,751,751,751,751,751,751,751,751,751,751,751,751,752,2022-12-16,0.916006153064883,0.912281085759784,0.915016813393038,0.914336685593534,0.2884621902013591
752,752,752,752,752,752,752,752,752,752,752,752,752,752,752,752,752,752,752,752,752,752,752,752,752,752,752,752,752,752,752,752,752,752,752,752,752,752,752,753,2022-12-19,0.9103197539809872,0.9032360867931716,0.9083545372744528,0.8966706907743959,0.0471492625703504
753,753,753,753,753,753,753,753,753,753,753,753,753,753,753,753,753,753,753,753,753,753,753,753,753,753,753,753,753,753,753,753,753,753,753,753,753,753,753,754,2022-12-20,0.9054457949752064,0.9092090485264158,0.9112792973812326,0.910170028039996,0.0786611020713196
754,754,754,754,754,754,754,754,754,754,754,754,754,754,754,754,754,754,754,754,754,754,754,754,754,754,754,754,754,754,754,754,754,754,754,754,754,754,754,755,2022-12-21,0.8956980132562257,0.9121102959977272,0.9080295651096224,0.9135033694712924,0.1160413914815432
755,755,755,755,755,755,755,755,755,755,755,755,755,755,755,755,755,755,755,755,755,755,755,755,755,755,755,755,755,755,755,755,755,755,755,755,755,755,755,756,2022-12-22,0.9101571569312992,0.9092089212423976,0.9176163543069716,0.9025035478315598,0.0667236786360411
756,756,756,756,756,756,756,756,756,756,756,756,756,756,756,756,756,756,756,756,756,756,756,756,756,756,756,756,756,756,756,756,756,756,756,756,756,756,756,757,2022-12-23,0.8971601600701854,0.8895832299796113,0.8995799390356173,0.8916708152227016,0.061010944942501
757,757,757,757,757,757,757,757,757,757,757,757,757,757,757,757,757,757,757,757,757,757,757,757,757,757,757,757,757,757,757,757,757,757,757,757,757,757,757,758,2022-12-28,0.8692160920923523,0.8825860635728363,0.8760184818057563,0.8870041719939342,0.0789367845549188
758,758,758,758,758,758,758,758,758,758,758,758,758,758,758,758,758,758,758,758,758,758,758,758,758,758,758,758,758,758,758,758,758,758,758,758,758,758,758,759,2022-12-29,0.8526448222823108,0.8615948941281574,0.8612316969206436,0.865671725421895,0.0820751021227851
759,759,759,759,759,759,759,759,759,759,759,759,759,759,759,759,759,759,759,759,759,759,759,759,759,759,759,759,759,759,759,759,759,759,759,759,759,759,759,760,2022-12-30,0.8610929179444383,0.858693709746697,0.8726062109057385,0.8558388327188934,0.0711993801582871
760,760,760,760,760,760,760,760,760,760,760,760,760,760,760,760,760,760,760,760,760,760,760,760,760,760,760,760,760,760,760,760,760,760,760,760,760,760,760,761,2023-01-03,0.835911228007744,0.8714934322137536,0.8345832403755519,0.875504977378811,0.081538912888474
761,761,761,761,761,761,761,761,761,761,761,761,761,761,761,761,761,761,761,761,761,761,761,761,761,761,761,761,761,761,761,761,761,761,761,761,761,761,761,762,2023-01-04,0.8698660714133605,0.861083001193912,0.8483948773560078,0.8383395163765378,0.1155035827026156
762,762,762,762,762,762,762,762,762,762,762,762,762,762,762,762,762,762,762,762,762,762,762,762,762,762,762,762,762,762,762,762,762,762,762,762,762,762,762,763,2023-01-05,0.8727905013338616,0.8851460406909389,0.883330743407735,0.8726715576167766,0.080554829593015
763,763,763,763,763,763,763,763,763,763,763,763,763,763,763,763,763,763,763,763,763,763,763,763,763,763,763,763,763,763,763,763,763,763,763,763,763,763,763,764,2023-01-06,0.8705160507343684,0.865861568492646,0.8721187976846713,0.861338696316264,0.1259387285483068
764,764,764,764,764,764,764,764,764,764,764,764,764,764,764,764,764,764,764,764,764,764,764,764,764,764,764,764,764,764,764,764,764,764,764,764,764,764,764,765,2023-01-09,0.8727905013338616,0.8780637716737619,0.8843056556535226,0.8780046811910535,0.0418752455184651
765,765,765,765,765,765,765,765,765,765,765,765,765,765,765,765,765,765,765,765,765,765,765,765,765,765,765,765,765,765,765,765,765,765,765,765,765,765,765,766,2023-01-10,0.8727905013338616,0.8740532548839118,0.8734187223370707,0.8601720373190936,0.0434913710962751
766,766,766,766,766,766,766,766,766,766,766,766,766,766,766,766,766,766,766,766,766,766,766,766,766,766,766,766,766,766,766,766,766,766,766,766,766,766,766,767,2023-01-11,0.8762021772331013,0.8711518733423359,0.8799183650123655,0.8750047276616081,0.0444899703101482
767,767,767,767,767,767,767,767,767,767,767,767,767,767,767,767,767,767,767,767,767,767,767,767,767,767,767,767,767,767,767,767,767,767,767,767,767,767,767,768,2023-01-12,0.903008747326025,0.8962388046902331,0.892755165763163,0.8850043622242459,0.1041886042482574
768,768,768,768,768,768,768,768,768,768,768,768,768,768,768,768,768,768,768,768,768,768,768,768,768,768,768,768,768,768,768,768,768,768,768,768,768,768,768,769,2023-01-13,0.9244541124344292,0.9254216936545092,0.92200371537644,0.9075035422055135,0.0947059905695716
769,769,769,769,769,769,769,769,769,769,769,769,769,769,769,769,769,769,769,769,769,769,769,769,769,769,769,769,769,769,769,769,769,769,769,769,769,769,769,770,2023-01-16,0.9382635493736574,0.9344666309323628,0.934028198550695,0.924836211951962,0.0539868599747123
770,770,770,770,770,770,770,770,770,770,770,770,770,770,770,770,770,770,770,770,770,770,770,770,770,770,770,770,770,770,770,770,770,770,770,770,770,770,770,771,2023-01-17,0.9397256961876174,0.9406102928155012,0.9462149999207856,0.935002398457152,0.118647058820001
771,771,771,771,771,771,771,771,771,771,771,771,771,771,771,771,771,771,771,771,771,771,771,771,771,771,771,771,771,771,771,771,771,771,771,771,771,771,771,772,2023-01-18,0.94313764467202,0.9414638664838724,0.9428028930428282,0.9393356898313138,0.0843044952620222
772,772,772,772,772,772,772,772,772,772,772,772,772,772,772,772,772,772,772,772,772,772,772,772,772,772,772,772,772,772,772,772,772,772,772,772,772,772,772,773,2023-01-19,0.960846139781808,0.9556285952090918,0.9486525489583248,0.9505019568583758,0.1107089508571979
773,773,773,773,773,773,773,773,773,773,773,773,773,773,773,773,773,773,773,773,773,773,773,773,773,773,773,773,773,773,773,773,773,773,773,773,773,773,773,774,2023-01-20,0.9595464537249548,0.9610896363454912,0.9673389628889516,0.9583348158793522,0.203371376036486
774,774,774,774,774,774,774,774,774,774,774,774,774,774,774,774,774,774,774,774,774,774,774,774,774,774,774,774,774,774,774,774,774,774,774,774,774,774,774,775,2023-01-23,0.9587342862320032,0.9604071967580652,0.9676642200008552,0.9633348846720096,0.1215822135132043
775,775,775,775,775,775,775,775,775,775,775,775,775,775,775,775,775,775,775,775,775,775,775,775,775,775,775,775,775,775,775,775,775,775,775,775,775,775,775,776,2023-01-24,0.9496362112488675,0.9506794772159494,0.9506024045125706,0.953335183094144,0.068628383071248
776,776,776,776,776,776,776,776,776,776,776,776,776,776,776,776,776,776,776,776,776,776,776,776,776,776,776,776,776,776,776,776,776,776,776,776,776,776,776,777,2023-01-25,0.9623084228883496,0.9619429671054645,0.95775209890652,0.94683545033816,0.076185358200981
777,777,777,777,777,777,777,777,777,777,777,777,777,777,777,777,777,777,777,777,777,777,777,777,777,777,777,777,777,777,777,777,777,777,777,777,777,777,777,778,2023-01-27,0.978879692698391,0.9747424075638296,0.9766010595586004,0.9716677483807582,0.1101061803442108
778,778,778,778,778,778,778,778,778,778,778,778,778,778,778,778,778,778,778,778,778,778,778,778,778,778,778,778,778,778,778,778,778,778,778,778,778,778,778,779,2023-01-30,0.9774174095918496,0.9773021595298812,0.9869191723952944,0.9750007357842988,0.0668728566901558
779,779,779,779,779,779,779,779,779,779,779,779,779,779,779,779,779,779,779,779,779,779,779,779,779,779,779,779,779,779,779,779,779,779,779,779,779,779,779,780,2023-01-31,0.9822915048902122,0.98327547816496,0.9874881907764208,0.9776676044322457,0.0836581769937929
780,780,780,780,780,780,780,780,780,780,780,780,780,780,780,780,780,780,780,780,780,780,780,780,780,780,780,780,780,780,780,780,780,780,780,780,780,780,780,781,2023-02-01,0.983753651704172,0.989419140222108,0.9871630404804888,0.9881670556659466,0.1011586162202911
781,781,781,781,781,781,781,781,781,781,781,781,781,781,781,781,781,781,781,781,781,781,781,781,781,781,781,781,781,781,781,781,781,781,781,781,781,781,781,782,2023-02-02,0.976930436198274,0.9849823530584612,0.9892757753561696,0.989167372168096,0.1149579761162756
782,782,782,782,782,782,782,782,782,782,782,782,782,782,782,782,782,782,782,782,782,782,782,782,782,782,782,782,782,782,782,782,782,782,782,782,782,782,782,783,2023-02-03,1.0,1.0,0.9904128633545238,0.9783340676079998,0.1281618834416139
783,783,783,783,783,783,783,783,783,783,783,783,783,783,783,783,783,783,783,783,783,783,783,783,783,783,783,783,783,783,783,783,783,783,783,783,783,783,783,784,2023-02-06,0.993501569715734,0.9991468287548698,1.0,1.0,0.0584994511243328
784,784,784,784,784,784,784,784,784,784,784,784,784,784,784,784,784,784,784,784,784,784,784,784,784,784,784,784,784,784,784,784,784,784,784,784,784,784,784,785,2023-02-07,0.9861905630607718,0.9933442897236896,0.9928501557001778,0.9943334492283328,0.0753160226407538
785,785,785,785,785,785,785,785,785,785,785,785,785,785,785,785,785,785,785,785,785,785,785,785,785,785,785,785,785,785,785,785,785,785,785,785,785,785,785,786,2023-02-08,0.9865154845749852,0.987371271479489,0.9961001167215894,0.9866671412004464,0.0681280037679005
786,786,786,786,786,786,786,786,786,786,786,786,786,786,786,786,786,786,786,786,786,786,786,786,786,786,786,786,786,786,786,786,786,786,786,786,786,786,786,787,2023-02-09,0.9847284162468118,0.9858353179718974,0.9870005314687336,0.9835006068573564,0.0616501852009252
787,787,787,787,787,787,787,787,787,787,787,787,787,787,787,787,787,787,787,787,787,787,787,787,787,787,787,787,787,787,787,787,787,787,787,787,787,787,787,788,2023-02-10,0.9805043002694576,0.9788383251657452,0.9865130686840432,0.977500820259688,0.0699186802654829
788,788,788,788,788,788,788,788,788,788,788,788,788,788,788,788,788,788,788,788,788,788,788,788,788,788,788,788,788,788,788,788,788,788,788,788,788,788,788,789,2023-02-13,0.9699442147649436,0.9738891760085484,0.9779010152723008,0.97766751790588,0.0720738142848993
789,789,789,789,789,789,789,789,789,789,789,789,789,789,789,789,789,789,789,789,789,789,789,789,789,789,789,789,789,789,789,789,789,789,789,789,789,789,789,790,2023-02-14,0.9691317746868288,0.9824220953302109,0.9788758591071248,0.985167108056826,0.0816871312124457
790,790,790,790,790,790,790,790,790,790,790,790,790,790,790,790,790,790,790,790,790,790,790,790,790,790,790,790,790,790,790,790,790,790,790,790,790,790,790,791,2023-02-15,0.8675916208138673,0.9098917701225872,0.8649691695121585,0.881837898158426,0.4061920469202469
791,791,791,791,791,791,791,791,791,791,791,791,791,791,791,791,791,791,791,791,791,791,791,791,791,791,791,791,791,791,791,791,791,791,791,791,791,791,791,792,2023-02-16,0.8432219620775435,0.8614243097759623,0.8534322561857673,0.852672353958632,0.2642880874755636
792,792,792,792,792,792,792,792,792,792,792,792,792,792,792,792,792,792,792,792,792,792,792,792,792,792,792,792,792,792,792,792,792,792,792,792,792,792,792,793,2023-02-17,0.8346112693657278,0.8487954123425371,0.8417327149563333,0.8333396001566974,0.2207351137007296
793,793,793,793,793,793,793,793,793,793,793,793,793,793,793,793,793,793,793,793,793,793,793,793,793,793,793,793,793,793,793,793,793,793,793,793,793,793,793,794,2023-02-20,0.855081869931492,0.8457235843180285,0.847095030736489,0.8300064980416401,0.0748008874864565
794,794,794,794,794,794,794,794,794,794,794,794,794,794,794,794,794,794,794,794,794,794,794,794,794,794,794,794,794,794,794,794,794,794,794,794,794,794,794,795,2023-02-21,0.8435467472991752,0.8426516588463023,0.8506697094457017,0.8471724427641775,0.0894984348300944
795,795,795,795,795,795,795,795,795,795,795,795,795,795,795,795,795,795,795,795,795,795,795,795,795,795,795,795,795,795,795,795,795,795,795,795,795,795,795,796,2023-02-22,0.8398972408452786,0.8435977033400982,0.8399409639397336,0.8264199459485227,0.1796564442010195
796,796,796,796,796,796,796,796,796,796,796,796,796,796,796,796,796,796,796,796,796,796,796,796,796,796,796,796,796,796,796,796,796,796,796,796,796,796,796,797,2023-02-23,0.8515099139564491,0.8510909516959148,0.85653325966621,0.8393535741682366,0.1209441129343251
797,797,797,797,797,797,797,797,797,797,797,797,797,797,797,797,797,797,797,797,797,797,797,797,797,797,797,797,797,797,797,797,797,797,797,797,797,797,797,798,2023-02-24,0.873408043020481,0.8634635689409741,0.860681220991837,0.8449694154666924,0.1513354674932502
798,798,798,798,798,798,798,798,798,798,798,798,798,798,798,798,798,798,798,798,798,798,798,798,798,798,798,798,798,798,798,798,798,798,798,798,798,798,798,799,2023-02-27,0.8762282091161612,0.8714796858365362,0.8776055248366096,0.8672629868676086,0.0914619227365649
799,799,799,799,799,799,799,799,799,799,799,799,799,799,799,799,799,799,799,799,799,799,799,799,799,799,799,799,799,799,799,799,799,799,799,799,799,799,799,800,2023-02-28,0.8646156722975721,0.870782755621954,0.8731256359652336,0.869305340026436,0.229797485543015
800,800,800,800,800,800,800,800,800,800,800,800,800,800,800,800,800,800,800,800,800,800,800,800,800,800,800,800,800,800,800,800,800,800,800,800,800,800,800,801,2023-03-01,0.8374088108928849,0.8474314503976911,0.849730469517041,0.847692423178182,0.1342886807087583
801,801,801,801,801,801,801,801,801,801,801,801,801,801,801,801,801,801,801,801,801,801,801,801,801,801,801,801,801,801,801,801,801,801,801,801,801,801,801,802,2023-03-02,0.8045610721265114,0.8340127189938499,0.816877155615025,0.8359497788206597,0.217322193345675
802,802,802,802,802,802,802,802,802,802,802,802,802,802,802,802,802,802,802,802,802,802,802,802,802,802,802,802,802,802,802,802,802,802,802,802,802,802,802,803,2023-03-03,0.8158421453869767,0.808134562794753,0.8188684282011874,0.8025945514908613,0.1490361340198363
803,803,803,803,803,803,803,803,803,803,803,803,803,803,803,803,803,803,803,803,803,803,803,803,803,803,803,803,803,803,803,803,803,803,803,803,803,803,803,804,2023-03-06,0.829943248450541,0.8275651226753334,0.8339674295456635,0.8177405721559076,0.0830112588942241
804,804,804,804,804,804,804,804,804,804,804,804,804,804,804,804,804,804,804,804,804,804,804,804,804,804,804,804,804,804,804,804,804,804,804,804,804,804,804,805,2023-03-07,0.8349201083553283,0.8279135171795605,0.8347970294920065,0.8289723460003039,0.1266035816049243
805,805,805,805,805,805,805,805,805,805,805,805,805,805,805,805,805,805,805,805,805,805,805,805,805,805,805,805,805,805,805,805,805,805,805,805,805,805,805,806,2023-03-08,0.8267914825041557,0.8225116161950571,0.8294877035915867,0.8204635705605573,0.0906740442722315
806,806,806,806,806,806,806,806,806,806,806,806,806,806,806,806,806,806,806,806,806,806,806,806,806,806,806,806,806,806,806,806,806,806,806,806,806,806,806,807,2023-03-09,0.8319340741880047,0.8279136224617337,0.8392770266291928,0.8282917106598767,0.1049921982936837
807,807,807,807,807,807,807,807,807,807,807,807,807,807,807,807,807,807,807,807,807,807,807,807,807,807,807,807,807,807,807,807,807,807,807,807,807,807,807,808,2023-03-10,0.7786814278801334,0.7906209796071623,0.7863472613250296,0.7942555734606488,0.1828821571950399
808,808,808,808,808,808,808,808,808,808,808,808,808,808,808,808,808,808,808,808,808,808,808,808,808,808,808,808,808,808,808,808,808,808,808,808,808,808,808,809,2023-03-13,0.7722114827453935,0.7826048144131071,0.7805398035257881,0.7804709819217265,0.1308401903552759
809,809,809,809,809,809,809,809,809,809,809,809,809,809,809,809,809,809,809,809,809,809,809,809,809,809,809,809,809,809,809,809,809,809,809,809,809,809,809,810,2023-03-14,0.7748659170620119,0.7587306890435651,0.7501759293167357,0.7317995019983767,0.2611213978853426
810,810,810,810,810,810,810,810,810,810,810,810,810,810,810,810,810,810,810,810,810,810,810,810,810,810,810,810,810,810,810,810,810,810,810,810,810,810,810,811,2023-03-15,0.7768566065068944,0.7881813343311291,0.7765577121699755,0.7838745971896431,0.1686505588358665
811,811,811,811,811,811,811,811,811,811,811,811,811,811,811,811,811,811,811,811,811,811,811,811,811,811,811,811,811,811,811,811,811,811,811,811,811,811,811,812,2023-03-16,0.77519778949788,0.7738917679425023,0.7551535893291142,0.7464350495339358,0.3681592609789979
812,812,812,812,812,812,812,812,812,812,812,812,812,812,812,812,812,812,812,812,812,812,812,812,812,812,812,812,812,812,812,812,812,812,812,812,812,812,812,813,2023-03-17,0.7942756161736501,0.7822562685721536,0.7881723561694588,0.7843852475882117,0.3659665775177335
813,813,813,813,813,813,813,813,813,813,813,813,813,813,813,813,813,813,813,813,813,813,813,813,813,813,813,813,813,813,813,813,813,813,813,813,813,813,813,814,2023-03-20,0.7881375434747783,0.7909694988546699,0.7835264988265996,0.7668565430858488,0.1037212156685783
814,814,814,814,814,814,814,814,814,814,814,814,814,814,814,814,814,814,814,814,814,814,814,814,814,814,814,814,814,814,814,814,814,814,814,814,814,814,814,815,2023-03-21,0.7954368289677346,0.7977657492546567,0.8032714659288803,0.7957872565711238,0.1124323862616309
815,815,815,815,815,815,815,815,815,815,815,815,815,815,815,815,815,815,815,815,815,815,815,815,815,815,815,815,815,815,815,815,815,815,815,815,815,815,815,816,2023-03-22,0.8057225575057588,0.8193747909003163,0.8180388381292588,0.812805442357362,0.1523004761521155
816,816,816,816,816,816,816,816,816,816,816,816,816,816,816,816,816,816,816,816,816,816,816,816,816,816,816,816,816,816,816,816,816,816,816,816,816,816,816,817,2023-03-23,0.8038977361325196,0.7956748418247256,0.8065900715886171,0.793575003654949,0.0929922124497034
817,817,817,817,817,817,817,817,817,817,817,817,817,817,817,817,817,817,817,817,817,817,817,817,817,817,817,817,817,817,817,817,817,817,817,817,817,817,817,818,2023-03-24,0.7841560282924319,0.7850446525889919,0.7883383970894665,0.7811518596932153,0.1448452924006827
818,818,818,818,818,818,818,818,818,818,818,818,818,818,818,818,818,818,818,818,818,818,818,818,818,818,818,818,818,818,818,818,818,818,818,818,818,818,818,819,2023-03-27,0.7713820060945956,0.7799908767669977,0.7831947058276157,0.7876185896949671,0.1013873918931475
819,819,819,819,819,819,819,819,819,819,819,819,819,819,819,819,819,819,819,819,819,819,819,819,819,819,819,819,819,819,819,819,819,819,819,819,819,819,819,820,2023-03-28,0.7878056710389102,0.7813850157732488,0.790827195320143,0.7736637810888566,0.0938498512988118
820,820,820,820,820,820,820,820,820,820,820,820,820,820,820,820,820,820,820,820,820,820,820,820,820,820,820,820,820,820,820,820,820,820,820,820,820,820,820,821,2023-03-29,0.7924506585078296,0.77720248377324,0.7800420156423148,0.7687284467810512,0.1061818437891633
821,821,821,821,821,821,821,821,821,821,821,821,821,821,821,821,821,821,821,821,821,821,821,821,821,821,821,821,821,821,821,821,821,821,821,821,821,821,821,822,2023-03-30,0.8158421453869767,0.8052591809930362,0.8158817873185072,0.8070191520739641,0.1356088495036965
822,822,822,822,822,822,822,822,822,822,822,822,822,822,822,822,822,822,822,822,822,822,822,822,822,822,822,822,822,822,822,822,822,822,822,822,822,822,822,823,2023-03-31,0.8252982609816216,0.8197232224676035,0.8308150370611339,0.8204634770946094,0.1318940940186438
823,823,823,823,823,823,823,823,823,823,823,823,823,823,823,823,823,823,823,823,823,823,823,823,823,823,823,823,823,823,823,823,823,823,823,823,823,823,823,824,2023-04-03,0.8410583173467817,0.8409835053660125,0.8414341582509858,0.8245477547961916,0.1094291507114029
824,824,824,824,824,824,824,824,824,824,824,824,824,824,824,824,824,824,824,824,824,824,824,824,824,824,824,824,824,824,824,824,824,824,824,824,824,824,824,825,2023-04-04,0.8362473255136375,0.838543687046747,0.8406043695571891,0.8442886386945571,0.0736128615355934
825,825,825,825,825,825,825,825,825,825,825,825,825,825,825,825,825,825,825,825,825,825,825,825,825,825,825,825,825,825,825,825,825,825,825,825,825,825,825,826,2023-04-05,0.8375745426719469,0.8338386218483015,0.8434251950629196,0.8262496920596619,0.0710704764034448
826,826,826,826,826,826,826,826,826,826,826,826,826,826,826,826,826,826,826,826,826,826,826,826,826,826,826,826,826,826,826,826,826,826,826,826,826,826,826,827,2023-04-06,0.836745066021149,0.831921757241361,0.8377007174980337,0.8383324208439501,0.0857655644385911
827,827,827,827,827,827,827,827,827,827,827,827,827,827,827,827,827,827,827,827,827,827,827,827,827,827,827,827,827,827,827,827,827,827,827,827,827,827,827,828,2023-04-11,0.8491873520756988,0.8427261635186388,0.8560354802362985,0.8436080601363606,0.0881980604693572
828,828,828,828,828,828,828,828,828,828,828,828,828,828,828,828,828,828,828,828,828,828,828,828,828,828,828,828,828,828,828,828,828,828,828,828,828,828,828,829,2023-04-12,0.8403948450602085,0.8472570421912039,0.8435911280342082,0.8544995674488217,0.0783012632507991
829,829,829,829,829,829,829,829,829,829,829,829,829,829,829,829,829,829,829,829,829,829,829,829,829,829,829,829,829,829,829,829,829,829,829,829,829,829,829,830,2023-04-13,0.8236393076800258,0.8320959740610615,0.835626709932552,0.8356095166051042,0.079070966825548
830,830,830,830,830,830,830,830,830,830,830,830,830,830,830,830,830,830,830,830,830,830,830,830,830,830,830,830,830,830,830,830,830,830,830,830,830,830,830,831,2023-04-14,0.8384040193227446,0.8284364045969032,0.8356266827866649,0.8182511304110086,0.0600933829425842
831,831,831,831,831,831,831,831,831,831,831,831,831,831,831,831,831,831,831,831,831,831,831,831,831,831,831,831,831,831,831,831,831,831,831,831,831,831,831,832,2023-04-17,0.8488553433472493,0.8493481493305458,0.8583582636664612,0.8485431617172104,0.1024918013552949
832,832,832,832,832,832,832,832,832,832,832,832,832,832,832,832,832,832,832,832,832,832,832,832,832,832,832,832,832,832,832,832,832,832,832,832,832,832,832,833,2023-04-18,0.8432150111558888,0.8343614605959203,0.850891797584797,0.8335673959095046,0.0898646318628128
833,833,833,833,833,833,833,833,833,833,833,833,833,833,833,833,833,833,833,833,833,833,833,833,833,833,833,833,833,833,833,833,833,833,833,833,833,833,833,834,2023-04-19,0.842717406940959,0.8352327709156072,0.8500621894077774,0.8379920618180844,0.0379263758616352
834,834,834,834,834,834,834,834,834,834,834,834,834,834,834,834,834,834,834,834,834,834,834,834,834,834,834,834,834,834,834,834,834,834,834,834,834,834,834,835,2023-04-20,0.868431319408275,0.8638122595003709,0.8613451391394326,0.8478626652722266,0.125780193125297
835,835,835,835,835,835,835,835,835,835,835,835,835,835,835,835,835,835,835,835,835,835,835,835,835,835,835,835,835,835,835,835,835,835,835,835,835,835,835,836,2023-04-21,0.8498509606548533,0.8516137052109213,0.8439229656237878,0.8570523484236007,0.1639893894634706
836,836,836,836,836,836,836,836,836,836,836,836,836,836,836,836,836,836,836,836,836,836,836,836,836,836,836,836,836,836,836,836,836,836,836,836,836,836,836,837,2023-04-24,0.8549935523387026,0.8545760174489626,0.8661567311904718,0.8562012437208925,0.039076252539311
837,837,837,837,837,837,837,837,837,837,837,837,837,837,837,837,837,837,837,837,837,837,837,837,837,837,837,837,837,837,837,837,837,837,837,837,837,837,837,838,2023-04-26,0.8513440458848059,0.8462116308939919,0.8525511768169124,0.8485434046114123,0.1027298144307783
838,838,838,838,838,838,838,838,838,838,838,838,838,838,838,838,838,838,838,838,838,838,838,838,838,838,838,838,838,838,838,838,838,838,838,838,838,838,838,839,2023-04-27,0.8382381512511013,0.8409835440690422,0.8454163403685585,0.8478625738218205,0.0643542248790485
839,839,839,839,839,839,839,839,839,839,839,839,839,839,839,839,839,839,839,839,839,839,839,839,839,839,839,839,839,839,839,839,839,839,839,839,839,839,839,840,2023-04-28,0.8425515388693156,0.8451659151651875,0.8517214695846312,0.841395815864764,0.1510682426315368
840,840,840,840,840,840,840,840,840,840,840,840,840,840,840,840,840,840,840,840,840,840,840,840,840,840,840,840,840,840,840,840,840,840,840,840,840,840,840,841,2023-05-01,0.8604681527510013,0.8514392500006568,0.8585242334018507,0.8478624343906457,0.0672323955950066
841,841,841,841,841,841,841,841,841,841,841,841,841,841,841,841,841,841,841,841,841,841,841,841,841,841,841,841,841,841,841,841,841,841,841,841,841,841,841,842,2023-05-02,0.8548276842670594,0.8575385507372743,0.8590220484295351,0.8619875148806778,0.1097094518963158
842,842,842,842,842,842,842,842,842,842,842,842,842,842,842,842,842,842,842,842,842,842,842,842,842,842,842,842,842,842,842,842,842,842,842,842,842,842,842,843,2023-05-03,0.8248005204741103,0.8216400670165988,0.8311467574696086,0.828121604716079,0.1076795626605711
843,843,843,843,843,843,843,843,843,843,843,843,843,843,843,843,843,843,843,843,843,843,843,843,843,843,843,843,843,843,843,843,843,843,843,843,843,843,843,844,2023-05-04,0.7828289474267042,0.7928864975982871,0.7795444251412845,0.7794500713760243,0.1584516265716406
844,844,844,844,844,844,844,844,844,844,844,844,844,844,844,844,844,844,844,844,844,844,844,844,844,844,844,844,844,844,844,844,844,844,844,844,844,844,844,845,2023-05-05,0.7889670201255762,0.7796424825970715,0.7720778852034708,0.773663864501502,0.1469054131359344
845,845,845,845,845,845,845,845,845,845,845,845,845,845,845,845,845,845,845,845,845,845,845,845,845,845,845,845,845,845,845,845,845,845,845,845,845,845,845,846,2023-05-08,0.8053908213624722,0.798114488050495,0.804267097731311,0.7974891672249004,0.1105137657393494
846,846,846,846,846,846,846,846,846,846,846,846,846,846,846,846,846,846,846,846,846,846,846,846,846,846,846,846,846,846,846,846,846,846,846,846,846,846,846,847,2023-05-09,0.8090401915237874,0.8022965513623924,0.7899973722721129,0.7906816780793865,0.1232956317342689
847,847,847,847,847,847,847,847,847,847,847,847,847,847,847,847,847,847,847,847,847,847,847,847,847,847,847,847,847,847,847,847,847,847,847,847,847,847,847,848,2023-05-10,0.8175010986885726,0.803516580590213,0.8105722354449189,0.796468059985341,0.1213098301019719
848,848,848,848,848,848,848,848,848,848,848,848,848,848,848,848,848,848,848,848,848,848,848,848,848,848,848,848,848,848,848,848,848,848,848,848,848,848,848,849,2023-05-11,0.8257960014891329,0.8211174478253486,0.8304002734492407,0.8286322752359855,0.1032865778800317
849,849,849,849,849,849,849,849,849,849,849,849,849,849,849,849,849,849,849,849,849,849,849,849,849,849,849,849,849,849,849,849,849,849,849,849,849,849,849,850,2023-05-12,0.8359154530777696,0.8266936798329,0.8382814314323189,0.828972355180651,0.0939151129485411
850,850,850,850,850,850,850,850,850,850,850,850,850,850,850,850,850,850,850,850,850,850,850,850,850,850,850,850,850,850,850,850,850,850,850,850,850,850,850,851,2023-05-15,0.8282844314415266,0.8192004881844662,0.8351290117578557,0.8235267693813352,0.0562693981706223
851,851,851,851,851,851,851,851,851,851,851,851,851,851,851,851,851,851,851,851,851,851,851,851,851,851,851,851,851,851,851,851,851,851,851,851,851,851,851,852,2023-05-16,0.8131877110703584,0.8225114327394291,0.825505258729133,0.8196125676894722,0.1254035590272727
852,852,852,852,852,852,852,852,852,852,852,852,852,852,852,852,852,852,852,852,852,852,852,852,852,852,852,852,852,852,852,852,852,852,852,852,852,852,852,853,2023-05-17,0.8057225575057588,0.7939321744324096,0.7992894467768842,0.7993611633568162,0.1077617995372061
853,853,853,853,853,853,853,853,853,853,853,853,853,853,853,853,853,853,853,853,853,853,853,853,853,853,853,853,853,853,853,853,853,853,853,853,853,853,853,854,2023-05-18,0.8199896649335477,0.8134497629750476,0.8283262211286556,0.8208039858608253,0.1060600180441263
854,854,854,854,854,854,854,854,854,854,854,854,854,854,854,854,854,854,854,854,854,854,854,854,854,854,854,854,854,854,854,854,854,854,854,854,854,854,854,855,2023-05-19,0.8498509606548533,0.838718161703012,0.8434252132196512,0.8281217071068613,0.1622829892690773
855,855,855,855,855,855,855,855,855,855,855,855,855,855,855,855,855,855,855,855,855,855,855,855,855,855,855,855,855,855,855,855,855,855,855,855,855,855,855,856,2023-05-22,0.8349201083553283,0.8374981225503285,0.8422635679090048,0.8432675780129694,0.0615092848192945
856,856,856,856,856,856,856,856,856,856,856,856,856,856,856,856,856,856,856,856,856,856,856,856,856,856,856,856,856,856,856,856,856,856,856,856,856,856,856,857,2023-05-23,0.8438786197350433,0.8397636302073922,0.8435911008837987,0.8298234126125404,0.1521082302078301
857,857,857,857,857,857,857,857,857,857,857,857,857,857,857,857,857,857,857,857,857,857,857,857,857,857,857,857,857,857,857,857,857,857,857,857,857,857,857,858,2023-05-24,0.852007518171379,0.8406350349262989,0.8462458493291983,0.8349287786083005,0.0880345464462302
858,858,858,858,858,858,858,858,858,858,858,858,858,858,858,858,858,858,858,858,858,858,858,858,858,858,858,858,858,858,858,858,858,858,858,858,858,858,858,859,2023-05-25,0.8153445411720469,0.8352327811645935,0.8272476190375496,0.8383325056021077,0.1506550788049416
859,859,859,859,859,859,859,859,859,859,859,859,859,859,859,859,859,859,859,859,859,859,859,859,859,859,859,859,859,859,859,859,859,859,859,859,859,859,859,860,2023-05-26,0.8226439629575847,0.8179805746533436,0.828823874101302,0.8111035975050734,0.0943405133344606
860,860,860,860,860,860,860,860,860,860,860,860,860,860,860,860,860,860,860,860,860,860,860,860,860,860,860,860,860,860,860,860,860,860,860,860,860,860,860,861,2023-05-29,0.846035177251569,0.8355812691127679,0.8464117367953091,0.8376516552037588,0.0707562847478546
861,861,861,861,861,861,861,861,861,861,861,861,861,861,861,861,861,861,861,861,861,861,861,861,861,861,861,861,861,861,861,861,861,861,861,861,861,861,861,862,2023-05-30,0.8395653684094105,0.8357555720929767,0.8444208537747312,0.8349288346147491,0.0760183051729514
862,862,862,862,862,862,862,862,862,862,862,862,862,862,862,862,862,862,862,862,862,862,862,862,862,862,862,862,862,862,862,862,862,862,862,862,862,862,862,863,2023-05-31,0.7997502165859488,0.8235570262991491,0.812065483544217,0.8296532044163568,0.694667973259279
863,863,863,863,863,863,863,863,863,863,863,863,863,863,863,863,863,863,863,863,863,863,863,863,863,863,863,863,863,863,863,863,863,863,863,863,863,863,863,864,2023-06-01,0.8000820890218169,0.7995085696768348,0.8041012016048429,0.7893203788972413,0.1055308468364865
864,864,864,864,864,864,864,864,864,864,864,864,864,864,864,864,864,864,864,864,864,864,864,864,864,864,864,864,864,864,864,864,864,864,864,864,864,864,864,865,2023-06-02,0.8019069103950559,0.7989856161958785,0.803437444474398,0.800892614318997,0.133096695871055
865,865,865,865,865,865,865,865,865,865,865,865,865,865,865,865,865,865,865,865,865,865,865,865,865,865,865,865,865,865,865,865,865,865,865,865,865,865,865,866,2023-06-05,0.8116946258404057,0.8063047342052884,0.8193660627359164,0.807019030780845,0.1040740964455614
866,866,866,866,866,866,866,866,866,866,866,866,866,866,866,866,866,866,866,866,866,866,866,866,866,866,866,866,866,866,866,866,866,866,866,866,866,866,866,867,2023-06-06,0.7961005738394705,0.7920152725871378,0.805760499623415,0.7954469725235124,0.1014302798339163
867,867,867,867,867,867,867,867,867,867,867,867,867,867,867,867,867,867,867,867,867,867,867,867,867,867,867,867,867,867,867,867,867,867,867,867,867,867,867,868,2023-06-07,0.7816675983400384,0.7887040972872222,0.7939797961966492,0.7932345696152073,0.1096323735691998
868,868,868,868,868,868,868,868,868,868,868,868,868,868,868,868,868,868,868,868,868,868,868,868,868,868,868,868,868,868,868,868,868,868,868,868,868,868,868,869,2023-06-08,0.7849855049432298,0.7709292048995474,0.7878405906930567,0.7738340352820546,0.1196981432760736
869,869,869,869,869,869,869,869,869,869,869,869,869,869,869,869,869,869,869,869,869,869,869,869,869,869,869,869,869,869,869,869,869,869,869,869,869,869,869,870,2023-06-09,0.7834925560058589,0.7733689564726832,0.7924865032193679,0.776046391844848,0.0736889801325663
870,870,870,870,870,870,870,870,870,870,870,870,870,870,870,870,870,870,870,870,870,870,870,870,870,870,870,870,870,870,870,870,870,870,870,870,870,870,870,871,2023-06-13,0.7954368289677346,0.7817334387171847,0.797464143987542,0.7801306784090746,0.0973406297617236
871,871,871,871,871,871,871,871,871,871,871,871,871,871,871,871,871,871,871,871,871,871,871,871,871,871,871,871,871,871,871,871,871,871,871,871,871,871,871,872,2023-06-14,0.8095382046164615,0.7982887705858456,0.8090788971249011,0.7974891484861518,0.1572013381277452
872,872,872,872,872,872,872,872,872,872,872,872,872,872,872,872,872,872,872,872,872,872,872,872,872,872,872,872,872,872,872,872,872,872,872,872,872,872,872,873,2023-06-15,0.8198236605693229,0.8104872197867171,0.8225188261598048,0.8085508907639912,0.1491701963241975
873,873,873,873,873,873,873,873,873,873,873,873,873,873,873,873,873,873,873,873,873,873,873,873,873,873,873,873,873,873,873,873,873,873,873,873,873,873,873,874,2023-06-16,0.8423855345050909,0.8296562990377551,0.8333037986586668,0.8196126518751873,0.381026003108446
874,874,874,874,874,874,874,874,874,874,874,874,874,874,874,874,874,874,874,874,874,874,874,874,874,874,874,874,874,874,874,874,874,874,874,874,874,874,874,875,2023-06-19,0.8616295018376671,0.8552731784426247,0.8563672186832741,0.8427571795000023,0.1451924147968074
875,875,875,875,875,875,875,875,875,875,875,875,875,875,875,875,875,875,875,875,875,875,875,875,875,875,875,875,875,875,875,875,875,875,875,875,875,875,875,876,2023-06-20,0.8800439925194455,0.8753136530958762,0.871466400940259,0.8621577695443207,0.1408575536730582
876,876,876,876,876,876,876,876,876,876,876,876,876,876,876,876,876,876,876,876,876,876,876,876,876,876,876,876,876,876,876,876,876,876,876,876,876,876,876,877,2023-06-21,0.8810393372418867,0.8843753631806383,0.8917921008230517,0.8859829509657665,0.1345904558556225
877,877,877,877,877,877,877,877,877,877,877,877,877,877,877,877,877,877,877,877,877,877,877,877,877,877,877,877,877,877,877,877,877,877,877,877,877,877,877,878,2023-06-22,0.8544959481237727,0.8686914745310971,0.864995330438214,0.8742405348283749,0.117746292097588
878,878,878,878,878,878,878,878,878,878,878,878,878,878,878,878,878,878,878,878,878,878,878,878,878,878,878,878,878,878,878,878,878,878,878,878,878,878,878,879,2023-06-23,0.8284504358057513,0.8374984024870106,0.832308402887762,0.8417361585581841,0.1439778763007417
879,879,879,879,879,879,879,879,879,879,879,879,879,879,879,879,879,879,879,879,879,879,879,879,879,879,879,879,879,879,879,879,879,879,879,879,879,879,879,880,2023-06-26,0.8188283158468818,0.8148438254613598,0.8238461148584865,0.8209739887581068,0.1324932055604605
880,880,880,880,880,880,880,880,880,880,880,880,880,880,880,880,880,880,880,880,880,880,880,880,880,880,880,880,880,880,880,880,880,880,880,880,880,880,880,881,2023-06-27,0.8271232186474421,0.828262247003963,0.839443131532802,0.8238672592551916,0.1073280015125347
881,881,881,881,881,881,881,881,881,881,881,881,881,881,881,881,881,881,881,881,881,881,881,881,881,881,881,881,881,881,881,881,881,881,881,881,881,881,881,882,2023-06-28,0.8455375730366391,0.8399379510814681,0.8427614470873991,0.8264197422619429,0.1224208976919869
882,882,882,882,882,882,882,882,882,882,882,882,882,882,882,882,882,882,882,882,882,882,882,882,882,882,882,882,882,882,882,882,882,882,882,882,882,882,882,883,2023-06-29,0.854330216344711,0.853007978350213,0.8621748484368449,0.8468416620046028,0.074553637008346
883,883,883,883,883,883,883,883,883,883,883,883,883,883,883,883,883,883,883,883,883,883,883,883,883,883,883,883,883,883,883,883,883,883,883,883,883,883,883,884,2023-06-30,0.8576478503627395,0.8462114200658873,0.8581094240063524,0.8512661502440403,0.1351057109761877
884,884,884,884,884,884,884,884,884,884,884,884,884,884,884,884,884,884,884,884,884,884,884,884,884,884,884,884,884,884,884,884,884,884,884,884,884,884,884,885,2023-07-03,0.8687631918441431,0.8578873363726259,0.861842900877278,0.8536488813154107,0.1078089462804848
885,885,885,885,885,885,885,885,885,885,885,885,885,885,885,885,885,885,885,885,885,885,885,885,885,885,885,885,885,885,885,885,885,885,885,885,885,885,885,886,2023-07-04,0.8909930570514616,0.8828070262339706,0.872461896413575,0.8664122735343968,0.1102396428172326
886,886,886,886,886,886,886,886,886,886,886,886,886,886,886,886,886,886,886,886,886,886,886,886,886,886,886,886,886,886,886,886,886,886,886,886,886,886,886,887,2023-07-05,0.8826982905434825,0.8826327628146508,0.8887225613018584,0.8844514069374548,0.108298228704053
887,887,887,887,887,887,887,887,887,887,887,887,887,887,887,887,887,887,887,887,887,887,887,887,887,887,887,887,887,887,887,887,887,887,887,887,887,887,887,888,2023-07-06,0.8603022846793579,0.8664260826126392,0.8676500519598226,0.8665823325861816,0.1098668476397806
888,888,888,888,888,888,888,888,888,888,888,888,888,888,888,888,888,888,888,888,888,888,888,888,888,888,888,888,888,888,888,888,888,888,888,888,888,888,888,889,2023-07-07,0.8320999422596481,0.8308760215959682,0.8391111303357562,0.8354393266307033,0.0999970428314966
889,889,889,889,889,889,889,889,889,889,889,889,889,889,889,889,889,889,889,889,889,889,889,889,889,889,889,889,889,889,889,889,889,889,889,889,889,889,889,890,2023-07-10,0.8286161675848133,0.831747560744775,0.8376179000902283,0.8339077929868747,0.0480778014837788
890,890,890,890,890,890,890,890,890,890,890,890,890,890,890,890,890,890,890,890,890,890,890,890,890,890,890,890,890,890,890,890,890,890,890,890,890,890,890,891,2023-07-11,0.8468647901949483,0.8343615084887849,0.844420808664592,0.8310147083056517,0.0865187726515058
891,891,891,891,891,891,891,891,891,891,891,891,891,891,891,891,891,891,891,891,891,891,891,891,891,891,891,891,891,891,891,891,891,891,891,891,891,891,891,892,2023-07-12,0.8390676279018993,0.8435974821148652,0.8513895680714577,0.8487134723250226,0.0848542406846043
892,892,892,892,892,892,892,892,892,892,892,892,892,892,892,892,892,892,892,892,892,892,892,892,892,892,892,892,892,892,892,892,892,892,892,892,892,892,892,893,2023-07-13,0.8634543232109063,0.8558831205825578,0.8606812387028534,0.850925726487246,0.1692114611213619
893,893,893,893,893,893,893,893,893,893,893,893,893,893,893,893,893,893,893,893,893,893,893,893,893,893,893,893,893,893,893,893,893,893,893,893,893,893,893,894,2023-07-14,0.8752331369788829,0.8686916662678129,0.8752827312855372,0.8635192636387038,0.1039509510715777
894,894,894,894,894,894,894,894,894,894,894,894,894,894,894,894,894,894,894,894,894,894,894,894,894,894,894,894,894,894,894,894,894,894,894,894,894,894,894,895,2023-07-17,0.8841913757734351,0.8742680889219893,0.8854039561538937,0.8732193824363871,0.0754352091278974
895,895,895,895,895,895,895,895,895,895,895,895,895,895,895,895,895,895,895,895,895,895,895,895,895,895,895,895,895,895,895,895,895,895,895,895,895,895,895,896,2023-07-18,0.8958041851771871,0.8950056293599359,0.9005032558257419,0.887684971623604,0.104028689213167
896,896,896,896,896,896,896,896,896,896,896,896,896,896,896,896,896,896,896,896,896,896,896,896,896,896,896,896,896,896,896,896,896,896,896,896,896,896,896,897,2023-07-19,0.930310468367412,0.9220165611962482,0.9192525199325492,0.9138925309824734,0.1929856562931635
897,897,897,897,897,897,897,897,897,897,897,897,897,897,897,897,897,897,897,897,897,897,897,897,897,897,897,897,897,897,897,897,897,897,897,897,897,897,897,898,2023-07-20,0.9402641881769868,0.9495503803083448,0.94347742178384,0.9421425446116616,0.1868105126200615
898,898,898,898,898,898,898,898,898,898,898,898,898,898,898,898,898,898,898,898,898,898,898,898,898,898,898,898,898,898,898,898,898,898,898,898,898,898,898,899,2023-07-21,0.9286516513583976,0.9293357672665604,0.934683594740214,0.9310809238219764,0.1801577232513762
899,899,899,899,899,899,899,899,899,899,899,899,899,899,899,899,899,899,899,899,899,899,899,899,899,899,899,899,899,899,899,899,899,899,899,899,899,899,899,900,2023-07-24,0.926660825620934,0.9333438828396872,0.9373384157784668,0.9387390983856466,0.07223768820683
900,900,900,900,900,900,900,900,900,900,900,900,900,900,900,900,900,900,900,900,900,900,900,900,900,900,900,900,900,900,900,900,900,900,900,900,900,900,900,901,2023-07-25,0.9228451785102312,0.9176600605788492,0.9237326525529668,0.9234228413475506,0.0701977218045829
901,901,901,901,901,901,901,901,901,901,901,901,901,901,901,901,901,901,901,901,901,901,901,901,901,901,901,901,901,901,901,901,901,901,901,901,901,901,901,902,2023-07-26,0.9361166686304158,0.9415339668155496,0.9263871314845524,0.9154240848665376,0.0768159009049835
902,902,902,902,902,902,902,902,902,902,902,902,902,902,902,902,902,902,902,902,902,902,902,902,902,902,902,902,902,902,902,902,902,902,902,902,902,902,902,903,2023-07-27,0.9614989812470268,0.9645371381852664,0.9534330926879871,0.940440885174058,0.1316250696629121
903,903,903,903,903,903,903,903,903,903,903,903,903,903,903,903,903,903,903,903,903,903,903,903,903,903,903,903,903,903,903,903,903,903,903,903,903,903,903,904,2023-07-28,0.9444117077235578,0.9471106784522724,0.9454686753256322,0.9423128827339065,0.0917832523850943
904,904,904,904,904,904,904,904,904,904,904,904,904,904,904,904,904,904,904,904,904,904,904,904,904,904,904,904,904,904,904,904,904,904,904,904,904,904,904,905,2023-07-31,0.9478954823983926,0.9451938610767144,0.947293824575934,0.9465673682911488,0.054850377170947
